id,name,address
ID0001,Harper Gupta,"166, Sunset Boulevard, Jayanagar, Lucknow, Uttar Pradesh - 226001"
ID0002,Kavya Singh,"98, Cedar Lane, Koramangala, Bengaluru, Karnataka - 560122"
ID0003,Krishna Rodriguez,"13, MG Road, Rajajinagar, Lucknow, Uttar Pradesh - 226069"
ID0004,Priya Kumar,"182, 1st Cross, Basavanagudi, Pune, Maharashtra - 411944"
ID0005,Vivaan Scott,"29, Market Road, Whitefield, Mumbai, Maharashtra - 400250"
ID0006,Ananya Wright,"249, Maple Street, Koramangala, Ahmedabad, Gujarat - 380472"
ID0007,Evelyn Shah,"211, Oak Street, Rajajinagar, Jaipur, Rajasthan - 302545"
ID0008,Arjun Lopez,"111, MG Road, Basavanagudi, Kolkata, West Bengal - 700876"
ID0009,Kavya King,"Shree Plaza, 136, Palm Avenue, Jayanagar, Chennai, Tamil Nadu - 600340"
ID0010,Amelia Bhatt,"145,  Park Street, Indiranagar, Kolkata, West Bengal - 700929"
ID0011,Charlotte King,"142,  Park Street, Rajajinagar, Pune, Maharashtra - 411846"
ID0012,Charlotte Kumar,"130, Lakeview Drive, Richmond Town, Bengaluru, Karnataka - 560211"
ID0013,Emma Lopez,"Apartment 112, 246,  Park Street, Banashankari, Lucknow, Uttar Pradesh - 226012"
ID0014,Aisha Shah,"220, 1st Cross, Frazer Town, Kolkata, West Bengal - 700266"
ID0015,Ishaan Garcia,"39, Cedar Lane, Kalyan Nagar, Hyderabad, Telangana - 500620"
ID0016,Arjun Young,"40, 1st Cross, Richmond Town, Pune, Maharashtra - 411323"
ID0017,Charlotte Wright,"59, MG Road, Kalyan Nagar, Kolkata, West Bengal - 700744"
ID0018,Ilan Hernandez,"Apartment 188, 122, Oak Street, Banashankari, Mumbai, Maharashtra - 400954"
ID0019,Alexander Martinez,"159, Lakeview Drive, Malleshwaram, Kolkata, West Bengal - 700121"
ID0020,Henry Das,"Apartment 167, 66, Main Street, Malleshwaram, Hyderabad, Telangana - 500757"
ID0021,Mason Singh,"The Heights, 27, Station Road, Banashankari, Kolkata, West Bengal - 700862"
ID0022,Charlotte Scott,"245, Oak Street, Basavanagudi, Chennai, Tamil Nadu - 600231"
ID0023,Priya Reddy,"168, Cedar Lane, Rajajinagar, Ahmedabad, Gujarat - 380444"
ID0024,Neha Johnson,"Apartment 137, 51, 2nd Cross, BTM Layout, Bengaluru, Karnataka - 560367"
ID0025,Charlotte Walker,"142,  Park Street, Frazer Town, Mumbai, Maharashtra - 400849"
ID0026,Zara Rodriguez,"13, Church Street, Kalyan Nagar, Chennai, Tamil Nadu - 600091"
ID0027,Ethan Martinez,"Apartment 184, 126, Maple Street, Kalyan Nagar, Mumbai, Maharashtra - 400260"
ID0028,Ethan Kumar,"211,  Park Street, Rajajinagar, Jaipur, Rajasthan - 302937"
ID0029,Karan Verma,"173, Sunset Boulevard, Indiranagar, Ahmedabad, Gujarat - 380773"
ID0030,Aditya Sharma,"Sai Plaza, 172, MG Road, Frazer Town, Chennai, Tamil Nadu - 600311"
ID0031,Henry Jones,"166,  Park Street, Seshadripuram, Delhi, Delhi - 110157"
ID0032,Vivaan Allen,"227, Sunset Boulevard, BTM Layout, Delhi, Delhi - 110207"
ID0033,Krishna Rodriguez,"187, 2nd Cross, Jayanagar, Mumbai, Maharashtra - 400702"
ID0034,Vihaan Rodriguez,"Apartment 32, 210,  Park Street, HSR Layout, Hyderabad, Telangana - 500214"
ID0035,Lucas Thomas,"Apartment 91, 101, MG Road, Indiranagar, Chennai, Tamil Nadu - 600140"
ID0036,Neha Thomas,"Apartment 3, 211, MG Road, Jayanagar, Mumbai, Maharashtra - 400944"
ID0037,Aisha Allen,"195,  Park Street, Koramangala, Lucknow, Uttar Pradesh - 226053"
ID0038,Harper Das,"173, Main Street, Koramangala, Kolkata, West Bengal - 700209"
ID0039,Evelyn Rodriguez,"128, 1st Cross, Jayanagar, Kolkata, West Bengal - 700895"
ID0040,Maya King,"56, Palm Avenue, Malleshwaram, Delhi, Delhi - 110581"
ID0041,Aditya Shah,"171,  Park Street, Kalyan Nagar, Mumbai, Maharashtra - 400652"
ID0042,Kabir Brown,"232,  Park Street, Electronic City, Lucknow, Uttar Pradesh - 226210"
ID0043,Alexander Verma,"Apartment 45, 102, Oak Street, BTM Layout, Delhi, Delhi - 110839"
ID0044,Rohit Hill,"Apartment 21, 87, Main Street, Electronic City, Bengaluru, Karnataka - 560660"
ID0045,Maya Thomas,"82,  Park Street, Indiranagar, Jaipur, Rajasthan - 302529"
ID0046,Evelyn Kapoor,"154, Brigade Road, Malleshwaram, Delhi, Delhi - 110545"
ID0047,Kabir Wright,"65, Market Road, Electronic City, Mumbai, Maharashtra - 400126"
ID0048,Charlotte Reddy,"190, Palm Avenue, Seshadripuram, Mumbai, Maharashtra - 400148"
ID0049,Isha Young,"111, Station Road, HSR Layout, Jaipur, Rajasthan - 302124"
ID0050,Priya Iyer,"50, Brigade Road, HSR Layout, Bengaluru, Karnataka - 560918"
ID0051,Aisha Verma,"26, Lakeview Drive, Basavanagudi, Jaipur, Rajasthan - 302608"
ID0052,Maya Thomas,"41, Maple Street, Banashankari, Bengaluru, Karnataka - 560694"
ID0053,Zara Brown,"63, Hilltop Road, BTM Layout, Chennai, Tamil Nadu - 600575"
ID0054,Emma Khan,"172, Market Road, Richmond Town, Delhi, Delhi - 110996"
ID0055,Karan Patel,"Sai Plaza, Apartment 79, 205, Market Road, Banashankari, Pune, Maharashtra - 411983"
ID0056,Zara Lee,"29, Sunset Boulevard, Rajajinagar, Lucknow, Uttar Pradesh - 226162"
ID0057,Ananya Martinez,"174, Oak Street, Rajajinagar, Ahmedabad, Gujarat - 380581"
ID0058,Liam Wright,"149, Maple Street, Jayanagar, Kolkata, West Bengal - 700869"
ID0059,Aarav Young,"Apartment 13, 102, Main Street, Kalyan Nagar, Pune, Maharashtra - 411599"
ID0060,Ishaan Green,"242, Cedar Lane, Richmond Town, Pune, Maharashtra - 411621"
ID0061,Mason Kapoor,"222, Brigade Road, Rajajinagar, Chennai, Tamil Nadu - 600243"
ID0062,Olivia Lopez,"11, Main Street, Kalyan Nagar, Hyderabad, Telangana - 500071"
ID0063,Sophia Hall,"12, Maple Street, Kalyan Nagar, Jaipur, Rajasthan - 302737"
ID0064,Ananya Davis,"67, Market Road, HSR Layout, Lucknow, Uttar Pradesh - 226466"
ID0065,Amelia Joshi,"96, Sunset Boulevard, HSR Layout, Chennai, Tamil Nadu - 600592"
ID0066,Harper Young,"62, Cedar Lane, Banashankari, Pune, Maharashtra - 411204"
ID0067,Amelia Patel,"104, Station Road, Indiranagar, Jaipur, Rajasthan - 302169"
ID0068,Isha Patel,"Apartment 150, 140, Main Street, Indiranagar, Kolkata, West Bengal - 700321"
ID0069,Mason Joshi,"138, Palm Avenue, Malleshwaram, Jaipur, Rajasthan - 302804"
ID0070,Ethan Mehta,"144, Palm Avenue, HSR Layout, Ahmedabad, Gujarat - 380692"
ID0071,Maya Nair,"240, Lakeview Drive, Jayanagar, Pune, Maharashtra - 411316"
ID0072,Kabir Walker,"160, Church Street, Kalyan Nagar, Kolkata, West Bengal - 700074"
ID0073,Ananya Jones,"195, Church Street, Whitefield, Pune, Maharashtra - 411622"
ID0074,Aisha Young,"Apartment 1, 31, Brigade Road, Koramangala, Ahmedabad, Gujarat - 380326"
ID0075,Krishna Hill,"54, Cedar Lane, Kalyan Nagar, Jaipur, Rajasthan - 302187"
ID0076,Sophia Khan,"Apartment 93, 134, Sunset Boulevard, Basavanagudi, Kolkata, West Bengal - 700347"
ID0077,Aarav Kapoor,"4, Lakeview Drive, Richmond Town, Mumbai, Maharashtra - 400837"
ID0078,Henry Johnson,"94, Hilltop Road, Kalyan Nagar, Ahmedabad, Gujarat - 380988"
ID0079,Aisha Scott,"Shree Apartments, 219, Cedar Lane, Kalyan Nagar, Chennai, Tamil Nadu - 600432"
ID0080,Omar Williams,"Lotus Heights, 34, Lakeview Drive, Jayanagar, Lucknow, Uttar Pradesh - 226753"
ID0081,Sophia Wright,"139, Church Street, Jayanagar, Mumbai, Maharashtra - 400306"
ID0082,Karan Miller,"Lotus Apartments, Apartment 123, 80, Church Street, Jayanagar, Lucknow, Uttar Pradesh - 226249"
ID0083,Lucas Singh,"1, 1st Cross, Koramangala, Jaipur, Rajasthan - 302593"
ID0084,Kavya Patel,"94, Lakeview Drive, Frazer Town, Chennai, Tamil Nadu - 600887"
ID0085,Vihaan Hall,"137, MG Road, BTM Layout, Bengaluru, Karnataka - 561000"
ID0086,Ananya Sharma,"51, Sunset Boulevard, Frazer Town, Pune, Maharashtra - 411499"
ID0087,Rohit Gupta,"64, Brigade Road, Banashankari, Hyderabad, Telangana - 500444"
ID0088,Aarav Miller,"17, Cedar Lane, Indiranagar, Chennai, Tamil Nadu - 600633"
ID0089,Isha Gupta,"100, Main Street, Banashankari, Lucknow, Uttar Pradesh - 226636"
ID0090,Henry Martinez,"55, Cedar Lane, Electronic City, Kolkata, West Bengal - 700171"
ID0091,Rhea Green,"202, Palm Avenue, Indiranagar, Bengaluru, Karnataka - 560795"
ID0092,Sophia Walker,"114, Oak Street, Jayanagar, Chennai, Tamil Nadu - 600989"
ID0093,Rhea Walker,"Apartment 141, 32, Palm Avenue, Kalyan Nagar, Mumbai, Maharashtra - 400289"
ID0094,Sai Bhardwaj,"250, Oak Street, Indiranagar, Ahmedabad, Gujarat - 380164"
ID0095,Liam Davis,"37, Sunset Boulevard, Malleshwaram, Delhi, Delhi - 110618"
ID0096,Lucas Thomas,"Apartment 185, 63, Church Street, Seshadripuram, Delhi, Delhi - 110017"
ID0097,Isha Davis,"Apartment 178, 191, Station Road, Indiranagar, Bengaluru, Karnataka - 560642"
ID0098,Evelyn Walker,"11, 1st Cross, Richmond Town, Chennai, Tamil Nadu - 600528"
ID0099,Henry Joshi,"Apartment 54, 44, Hilltop Road, BTM Layout, Delhi, Delhi - 110527"
ID0100,Sana Khan,"Apartment 67, 123, Maple Street, Jayanagar, Hyderabad, Telangana - 500785"
ID0101,Lucas Kapoor,"170, MG Road, Banashankari, Chennai, Tamil Nadu - 600066"
ID0102,Vivaan Thomas,"193, Oak Street, Koramangala, Hyderabad, Telangana - 500779"
ID0103,Ananya Das,"Apartment 85, 114, Church Street, Malleshwaram, Delhi, Delhi - 110461"
ID0104,Aarav Khan,"219, 2nd Cross, Jayanagar, Delhi, Delhi - 110110"
ID0105,Rohit Garcia,"168, Brigade Road, HSR Layout, Delhi, Delhi - 110639"
ID0106,Dhruv Allen,"Apartment 30, 172, 2nd Cross, Jayanagar, Kolkata, West Bengal - 700142"
ID0107,Arjun Sharma,"224, Market Road, Whitefield, Chennai, Tamil Nadu - 600108"
ID0108,Vivaan Allen,"8,  Park Street, Whitefield, Kolkata, West Bengal - 700640"
ID0109,Charlotte Thomas,"167, Brigade Road, Basavanagudi, Bengaluru, Karnataka - 560290"
ID0110,Kabir Bhardwaj,"147, MG Road, Seshadripuram, Ahmedabad, Gujarat - 380854"
ID0111,Liam Hill,"Apartment 95, 217, Station Road, Indiranagar, Bengaluru, Karnataka - 560726"
ID0112,Isha Singh,"233, Market Road, Indiranagar, Jaipur, Rajasthan - 302522"
ID0113,Olivia Hill,"233, Lakeview Drive, Malleshwaram, Jaipur, Rajasthan - 302588"
ID0114,Krishna Verma,"242, Market Road, Jayanagar, Chennai, Tamil Nadu - 600766"
ID0115,Ethan Jones,"229, Church Street, Indiranagar, Bengaluru, Karnataka - 560618"
ID0116,Vivaan Rao,"153, Market Road, Basavanagudi, Chennai, Tamil Nadu - 600710"
ID0117,Neha Garcia,"15, Brigade Road, Kalyan Nagar, Jaipur, Rajasthan - 302849"
ID0118,Kabir King,"51, Lakeview Drive, Electronic City, Lucknow, Uttar Pradesh - 226690"
ID0119,Zara Bhardwaj,"Lotus Heights, 142, Maple Street, Banashankari, Ahmedabad, Gujarat - 380076"
ID0120,Sneha Iyer,"226, Oak Street, HSR Layout, Delhi, Delhi - 110781"
ID0121,Aarav Allen,"176,  Park Street, Banashankari, Lucknow, Uttar Pradesh - 226758"
ID0122,Alexander Brown,"157, Cedar Lane, Rajajinagar, Ahmedabad, Gujarat - 380481"
ID0123,Maya Khan,"58, Station Road, Basavanagudi, Bengaluru, Karnataka - 560636"
ID0124,Ilan Johnson,"97, MG Road, Rajajinagar, Lucknow, Uttar Pradesh - 226497"
ID0125,Rohit Bhatt,"Apartment 57, 93, Cedar Lane, Jayanagar, Chennai, Tamil Nadu - 600800"
ID0126,Vivaan Davis,"160, Palm Avenue, Malleshwaram, Kolkata, West Bengal - 700878"
ID0127,Amelia Rao,"232, Hilltop Road, Indiranagar, Lucknow, Uttar Pradesh - 226272"
ID0128,Vihaan Bhatt,"41, Brigade Road, Seshadripuram, Mumbai, Maharashtra - 400271"
ID0129,Mira Lee,"Apartment 3, 88, Brigade Road, BTM Layout, Chennai, Tamil Nadu - 600605"
ID0130,Alexander Hall,"Apartment 134, 158, Oak Street, Electronic City, Bengaluru, Karnataka - 560530"
ID0131,Omar Scott,"Apartment 145, 113, 1st Cross, Richmond Town, Ahmedabad, Gujarat - 380028"
ID0132,Sai Rodriguez,"15, Church Street, BTM Layout, Pune, Maharashtra - 411255"
ID0133,Sai Gupta,"6, Brigade Road, Koramangala, Mumbai, Maharashtra - 400122"
ID0134,Neha Bhatt,"Apartment 93, 55, Oak Street, Seshadripuram, Jaipur, Rajasthan - 302898"
ID0135,Mira Verma,"Lotus Residency, 217, Station Road, Electronic City, Pune, Maharashtra - 411583"
ID0136,Maya Hill,"53, Maple Street, Rajajinagar, Jaipur, Rajasthan - 302955"
ID0137,Neha Bhatt,"179, Palm Avenue, Seshadripuram, Jaipur, Rajasthan - 302106"
ID0138,Neha Thomas,"86, Market Road, Frazer Town, Delhi, Delhi - 110585"
ID0139,Kabir Gupta,"57, 2nd Cross, Indiranagar, Jaipur, Rajasthan - 302085"
ID0140,Henry Hernandez,"Lotus Plaza, 157, Oak Street, Jayanagar, Bengaluru, Karnataka - 560324"
ID0141,Olivia Rodriguez,"Apartment 30, 86, Oak Street, HSR Layout, Pune, Maharashtra - 411420"
ID0142,Ilan Rao,"Apartment 96, 46, Hilltop Road, HSR Layout, Bengaluru, Karnataka - 560216"
ID0143,Rohit Khan,"143, 1st Cross, Whitefield, Pune, Maharashtra - 411851"
ID0144,Henry Davis,"170, Hilltop Road, HSR Layout, Chennai, Tamil Nadu - 600560"
ID0145,Maya Kapoor,"162, Brigade Road, Whitefield, Pune, Maharashtra - 411910"
ID0146,Liam Miller,"23, 2nd Cross, Frazer Town, Bengaluru, Karnataka - 560098"
ID0147,Noah Green,"199, Sunset Boulevard, Banashankari, Jaipur, Rajasthan - 302142"
ID0148,Charlotte Hernandez,"Apartment 92, 79, Lakeview Drive, BTM Layout, Jaipur, Rajasthan - 302284"
ID0149,Aisha Williams,"247, Station Road, Rajajinagar, Ahmedabad, Gujarat - 380199"
ID0150,Henry Martinez,"Apartment 171, 212, Main Street, Richmond Town, Ahmedabad, Gujarat - 380862"
ID0151,Krishna Young,"106, Market Road, Jayanagar, Bengaluru, Karnataka - 560808"
ID0152,Kavya Hill,"96, Oak Street, Banashankari, Chennai, Tamil Nadu - 600448"
ID0153,Henry Jones,"128, Lakeview Drive, Jayanagar, Jaipur, Rajasthan - 302308"
ID0154,Aarav Allen,"152, MG Road, Electronic City, Chennai, Tamil Nadu - 600572"
ID0155,Amelia Verma,"103, Station Road, Frazer Town, Delhi, Delhi - 110469"
ID0156,Priya Lopez,"Apartment 69, 128, Lakeview Drive, Jayanagar, Hyderabad, Telangana - 500134"
ID0157,Olivia Singh,"146, Lakeview Drive, Rajajinagar, Jaipur, Rajasthan - 302174"
ID0158,Arjun Rao,"59, 1st Cross, BTM Layout, Mumbai, Maharashtra - 400788"
ID0159,Noah Jones,"21, Palm Avenue, BTM Layout, Jaipur, Rajasthan - 302250"
ID0160,Emma Hill,"Apartment 108, 43, Cedar Lane, Whitefield, Jaipur, Rajasthan - 302592"
ID0161,Dhruv Allen,"143, 1st Cross, HSR Layout, Ahmedabad, Gujarat - 380971"
ID0162,Arjun Rodriguez,"109, Lakeview Drive, Seshadripuram, Bengaluru, Karnataka - 560193"
ID0163,Mira Allen,"120, Cedar Lane, Rajajinagar, Lucknow, Uttar Pradesh - 226312"
ID0164,Rhea Bhatt,"12, Sunset Boulevard, Frazer Town, Ahmedabad, Gujarat - 380952"
ID0165,Kavya Allen,"223, Palm Avenue, Frazer Town, Pune, Maharashtra - 411036"
ID0166,Vivaan Brown,"117, Lakeview Drive, Banashankari, Delhi, Delhi - 110551"
ID0167,Emma Hall,"191, Brigade Road, Frazer Town, Hyderabad, Telangana - 500051"
ID0168,Isha Rodriguez,"238, Sunset Boulevard, HSR Layout, Mumbai, Maharashtra - 400235"
ID0169,Aarav Lee,"209, MG Road, HSR Layout, Hyderabad, Telangana - 500671"
ID0170,Rohit Brown,"146, MG Road, Electronic City, Pune, Maharashtra - 411479"
ID0171,Evelyn Singh,"Apartment 146, 86, 1st Cross, Indiranagar, Jaipur, Rajasthan - 302287"
ID0172,Aisha Brown,"99, Main Street, HSR Layout, Bengaluru, Karnataka - 560316"
ID0173,Lucas Joshi,"85, Oak Street, Richmond Town, Hyderabad, Telangana - 500054"
ID0174,Ilan Hall,"191, 2nd Cross, Whitefield, Pune, Maharashtra - 411287"
ID0175,Neha Davis,"90,  Park Street, Jayanagar, Chennai, Tamil Nadu - 600083"
ID0176,Amelia Gupta,"245, Palm Avenue, Koramangala, Mumbai, Maharashtra - 400493"
ID0177,Rohit Williams,"154, Sunset Boulevard, BTM Layout, Bengaluru, Karnataka - 560429"
ID0178,Krishna Martinez,"8, 1st Cross, Whitefield, Hyderabad, Telangana - 500165"
ID0179,Zara Das,"40, Maple Street, Whitefield, Jaipur, Rajasthan - 302951"
ID0180,Arjun Hill,"Apartment 64, 140, Cedar Lane, Malleshwaram, Bengaluru, Karnataka - 560897"
ID0181,Aditya Joshi,"134,  Park Street, Banashankari, Pune, Maharashtra - 411036"
ID0182,Mason Garcia,"62, MG Road, Whitefield, Jaipur, Rajasthan - 302581"
ID0183,Lucas Rodriguez,"245, MG Road, Richmond Town, Delhi, Delhi - 110239"
ID0184,Rhea Bhatt,"94, Lakeview Drive, HSR Layout, Bengaluru, Karnataka - 560821"
ID0185,Kavya Joshi,"148, Station Road, Jayanagar, Mumbai, Maharashtra - 400004"
ID0186,Henry Hill,"136, Hilltop Road, Frazer Town, Lucknow, Uttar Pradesh - 226246"
ID0187,Liam Nair,"Apartment 36, 65, Church Street, HSR Layout, Jaipur, Rajasthan - 302453"
ID0188,Ishaan Das,"135, MG Road, Frazer Town, Jaipur, Rajasthan - 302129"
ID0189,Charlotte Johnson,"234, Oak Street, Electronic City, Chennai, Tamil Nadu - 600221"
ID0190,Mira Garcia,"145, Hilltop Road, HSR Layout, Hyderabad, Telangana - 500574"
ID0191,Neha Gupta,"173, Maple Street, Seshadripuram, Chennai, Tamil Nadu - 600395"
ID0192,Charlotte Patel,"Sai Heights, 18, Brigade Road, Rajajinagar, Delhi, Delhi - 110019"
ID0193,Olivia Joshi,"62, 2nd Cross, Whitefield, Mumbai, Maharashtra - 400740"
ID0194,Mason Reddy,"13, Church Street, BTM Layout, Pune, Maharashtra - 411732"
ID0195,Henry Gupta,"85, Market Road, Basavanagudi, Lucknow, Uttar Pradesh - 226070"
ID0196,Priya Das,"114, Hilltop Road, Indiranagar, Ahmedabad, Gujarat - 380990"
ID0197,Noah Johnson,"192, Oak Street, Basavanagudi, Delhi, Delhi - 110777"
ID0198,Liam Hernandez,"92, Palm Avenue, Richmond Town, Jaipur, Rajasthan - 302218"
ID0199,Noah Allen,"33,  Park Street, Whitefield, Jaipur, Rajasthan - 302518"
ID0200,Sneha Davis,"245, Lakeview Drive, Whitefield, Pune, Maharashtra - 411049"
ID0201,Mira Miller,"21, Hilltop Road, Malleshwaram, Mumbai, Maharashtra - 400087"
ID0202,Olivia Scott,"49, 2nd Cross, HSR Layout, Pune, Maharashtra - 411291"
ID0203,Ethan Garcia,"90, Lakeview Drive, Malleshwaram, Kolkata, West Bengal - 700504"
ID0204,Lucas Scott,"Apartment 180, 142, Sunset Boulevard, Whitefield, Ahmedabad, Gujarat - 380511"
ID0205,Aditya Iyer,"63, Oak Street, Banashankari, Hyderabad, Telangana - 500745"
ID0206,Olivia Martinez,"202, Brigade Road, HSR Layout, Pune, Maharashtra - 411674"
ID0207,Noah Patel,"189, Cedar Lane, BTM Layout, Hyderabad, Telangana - 500085"
ID0208,Neha Reddy,"Apartment 188, 228, Station Road, Malleshwaram, Mumbai, Maharashtra - 400984"
ID0209,Olivia Sharma,"8, Hilltop Road, Jayanagar, Delhi, Delhi - 110817"
ID0210,Vivaan Williams,"227, MG Road, Seshadripuram, Jaipur, Rajasthan - 302793"
ID0211,Zara Hill,"Apartment 100, 152, Lakeview Drive, Koramangala, Mumbai, Maharashtra - 400312"
ID0212,Kabir Allen,"215, Maple Street, Rajajinagar, Chennai, Tamil Nadu - 600413"
ID0213,Lucas Hernandez,"151, Cedar Lane, Electronic City, Bengaluru, Karnataka - 560907"
ID0214,Noah Reddy,"Apartment 60, 127, 1st Cross, Whitefield, Pune, Maharashtra - 411737"
ID0215,Sneha Miller,"Apartment 31, 158, Station Road, Whitefield, Hyderabad, Telangana - 500410"
ID0216,Kabir Hill,"20, MG Road, Malleshwaram, Kolkata, West Bengal - 700729"
ID0217,Aarav Wright,"72,  Park Street, HSR Layout, Jaipur, Rajasthan - 302366"
ID0218,Ananya Walker,"68, Sunset Boulevard, Electronic City, Hyderabad, Telangana - 500801"
ID0219,Priya Iyer,"Apartment 149, 186, MG Road, Richmond Town, Lucknow, Uttar Pradesh - 226259"
ID0220,Noah Reddy,"80, Hilltop Road, Koramangala, Jaipur, Rajasthan - 302541"
ID0221,Evelyn Das,"Apartment 158, 210, Market Road, Banashankari, Lucknow, Uttar Pradesh - 226401"
ID0222,Liam Green,"136, Cedar Lane, Jayanagar, Delhi, Delhi - 110656"
ID0223,Rohit Thomas,"200, Church Street, BTM Layout, Ahmedabad, Gujarat - 380677"
ID0224,Kavya Gupta,"Apartment 184, 199, Maple Street, Basavanagudi, Bengaluru, Karnataka - 560192"
ID0225,Henry Shah,"126,  Park Street, Seshadripuram, Bengaluru, Karnataka - 560233"
ID0226,Aarav Brown,"181, Palm Avenue, Richmond Town, Mumbai, Maharashtra - 400964"
ID0227,Ethan Lee,"105, Market Road, Whitefield, Lucknow, Uttar Pradesh - 226357"
ID0228,Mira Wright,"113, 2nd Cross, Frazer Town, Bengaluru, Karnataka - 560570"
ID0229,Amelia Kapoor,"213, Hilltop Road, Malleshwaram, Hyderabad, Telangana - 500494"
ID0230,Sai Walker,"168, Brigade Road, BTM Layout, Pune, Maharashtra - 411657"
ID0231,Evelyn Kapoor,"56, Brigade Road, Whitefield, Bengaluru, Karnataka - 560638"
ID0232,Dhruv Lee,"Apartment 6, 11, Cedar Lane, Jayanagar, Hyderabad, Telangana - 500462"
ID0233,Omar Reddy,"Apartment 142, 226, Oak Street, Electronic City, Pune, Maharashtra - 411182"
ID0234,Ethan Martinez,"Sai Residency, 16, Brigade Road, Frazer Town, Pune, Maharashtra - 411550"
ID0235,Kavya Young,"Apartment 103, 249,  Park Street, Jayanagar, Hyderabad, Telangana - 500064"
ID0236,Krishna Miller,"Apartment 152, 213, 2nd Cross, Malleshwaram, Jaipur, Rajasthan - 302753"
ID0237,Ananya Iyer,"157, Oak Street, Whitefield, Kolkata, West Bengal - 700328"
ID0238,Sneha Verma,"116, Cedar Lane, Frazer Town, Ahmedabad, Gujarat - 380827"
ID0239,Vivaan Nair,"Apartment 110, 118, MG Road, Whitefield, Ahmedabad, Gujarat - 380343"
ID0240,Rohit Hall,"Shree Plaza, 44, Brigade Road, Kalyan Nagar, Ahmedabad, Gujarat - 380313"
ID0241,Kavya Khan,"Apartment 22, 215, Market Road, Basavanagudi, Lucknow, Uttar Pradesh - 226755"
ID0242,Noah Das,"177, Hilltop Road, HSR Layout, Bengaluru, Karnataka - 560934"
ID0243,Rohit Young,"150, 2nd Cross, Rajajinagar, Pune, Maharashtra - 411640"
ID0244,Henry Davis,"85, Oak Street, Kalyan Nagar, Lucknow, Uttar Pradesh - 226044"
ID0245,Aditya Walker,"235, Palm Avenue, Banashankari, Jaipur, Rajasthan - 302723"
ID0246,Alexander Kapoor,"168, Oak Street, Frazer Town, Lucknow, Uttar Pradesh - 226092"
ID0247,Neha Verma,"33, Oak Street, Banashankari, Bengaluru, Karnataka - 560660"
ID0248,Vihaan Jones,"56, Brigade Road, Whitefield, Pune, Maharashtra - 411667"
ID0249,Rohit Patel,"241, Main Street, Electronic City, Lucknow, Uttar Pradesh - 226060"
ID0250,Charlotte Thomas,"224, Main Street, Jayanagar, Delhi, Delhi - 110139"
ID0251,Mason Rodriguez,"230, Station Road, Electronic City, Hyderabad, Telangana - 500517"
ID0252,Kavya Brown,"41, Maple Street, HSR Layout, Lucknow, Uttar Pradesh - 226138"
ID0253,Rhea Nair,"31,  Park Street, Koramangala, Hyderabad, Telangana - 500854"
ID0254,Rhea Wright,"160, Palm Avenue, Electronic City, Lucknow, Uttar Pradesh - 226217"
ID0255,Sophia Brown,"42, Church Street, Malleshwaram, Pune, Maharashtra - 411854"
ID0256,Krishna Young,"Apartment 160, 232, 1st Cross, Koramangala, Jaipur, Rajasthan - 302027"
ID0257,Mira Sharma,"27, Palm Avenue, Malleshwaram, Delhi, Delhi - 110320"
ID0258,Noah Davis,"181,  Park Street, Frazer Town, Lucknow, Uttar Pradesh - 226150"
ID0259,Dhruv Verma,"221, 2nd Cross, Kalyan Nagar, Kolkata, West Bengal - 700347"
ID0260,Liam Young,"Sai Apartments, Apartment 144, 210,  Park Street, Richmond Town, Mumbai, Maharashtra - 400724"
ID0261,Alexander Johnson,"Lotus Apartments, 35, Oak Street, Banashankari, Pune, Maharashtra - 411615"
ID0262,Sophia Williams,"99, Oak Street, Kalyan Nagar, Pune, Maharashtra - 411981"
ID0263,Kabir Hall,"42, Palm Avenue, Malleshwaram, Bengaluru, Karnataka - 560849"
ID0264,Lucas Das,"189, Church Street, Jayanagar, Bengaluru, Karnataka - 560018"
ID0265,Sana Hall,"93, Station Road, BTM Layout, Pune, Maharashtra - 411812"
ID0266,Ananya Reddy,"31, Sunset Boulevard, Koramangala, Mumbai, Maharashtra - 400726"
ID0267,Aisha Gupta,"23, Market Road, Banashankari, Jaipur, Rajasthan - 302972"
ID0268,Karan King,"248, Sunset Boulevard, BTM Layout, Hyderabad, Telangana - 500557"
ID0269,Mira Lopez,"9,  Park Street, Banashankari, Kolkata, West Bengal - 700844"
ID0270,Rohit Rao,"15, Cedar Lane, Kalyan Nagar, Chennai, Tamil Nadu - 600144"
ID0271,Kavya Verma,"165, Oak Street, Frazer Town, Chennai, Tamil Nadu - 601000"
ID0272,Vivaan Iyer,"Apartment 104, 69, Church Street, Malleshwaram, Lucknow, Uttar Pradesh - 226588"
ID0273,Sneha Das,"212, Brigade Road, Seshadripuram, Delhi, Delhi - 110772"
ID0274,Aarav Brown,"151, Maple Street, Basavanagudi, Ahmedabad, Gujarat - 380647"
ID0275,Liam Allen,"122, Brigade Road, Frazer Town, Bengaluru, Karnataka - 560462"
ID0276,Sana Hernandez,"205, Hilltop Road, Basavanagudi, Bengaluru, Karnataka - 560805"
ID0277,Kabir Shah,"216, Main Street, Frazer Town, Chennai, Tamil Nadu - 600835"
ID0278,Aditya Allen,"99,  Park Street, Jayanagar, Hyderabad, Telangana - 500299"
ID0279,Aisha Hernandez,"Apartment 199, 248, Market Road, Jayanagar, Pune, Maharashtra - 411125"
ID0280,Ishaan Verma,"The Plaza, 228, Station Road, Indiranagar, Jaipur, Rajasthan - 302857"
ID0281,Olivia Lopez,"124, Cedar Lane, Richmond Town, Hyderabad, Telangana - 500183"
ID0282,Ananya Patel,"123, Sunset Boulevard, BTM Layout, Bengaluru, Karnataka - 560309"
ID0283,Lucas Brown,"177, Cedar Lane, Frazer Town, Hyderabad, Telangana - 500211"
ID0284,Krishna Mehta,"Sai Apartments, 151, Lakeview Drive, HSR Layout, Hyderabad, Telangana - 500576"
ID0285,Lucas Rao,"94, 1st Cross, Jayanagar, Pune, Maharashtra - 411196"
ID0286,Krishna Sharma,"151, Palm Avenue, Whitefield, Kolkata, West Bengal - 700504"
ID0287,Dhruv Rao,"Apartment 30, 146, Palm Avenue, Malleshwaram, Kolkata, West Bengal - 700225"
ID0288,Neha Walker,"75, 1st Cross, Basavanagudi, Chennai, Tamil Nadu - 600012"
ID0289,Neha Thomas,"208, 2nd Cross, BTM Layout, Mumbai, Maharashtra - 400460"
ID0290,Maya Young,"2,  Park Street, Kalyan Nagar, Delhi, Delhi - 110776"
ID0291,Sneha Lee,"106, Market Road, Jayanagar, Delhi, Delhi - 110590"
ID0292,Krishna Thomas,"238, Hilltop Road, HSR Layout, Hyderabad, Telangana - 500819"
ID0293,Emma Shah,"195, Oak Street, BTM Layout, Kolkata, West Bengal - 700569"
ID0294,Aditya Johnson,"Apartment 168, 35, Church Street, Malleshwaram, Jaipur, Rajasthan - 302077"
ID0295,Maya Brown,"6, Maple Street, Kalyan Nagar, Delhi, Delhi - 110585"
ID0296,Ilan Shah,"232, Main Street, Frazer Town, Ahmedabad, Gujarat - 380975"
ID0297,Sai Kapoor,"67, Brigade Road, Malleshwaram, Pune, Maharashtra - 411096"
ID0298,Sophia Young,"213, Sunset Boulevard, Electronic City, Kolkata, West Bengal - 700906"
ID0299,Kavya Brown,"17, Brigade Road, Richmond Town, Jaipur, Rajasthan - 302936"
ID0300,Sophia Bhatt,"Apartment 61, 117, Station Road, Banashankari, Jaipur, Rajasthan - 302420"
ID0301,Sneha King,"17, MG Road, Whitefield, Jaipur, Rajasthan - 302295"
ID0302,Arjun Brown,"Apartment 97, 45, Oak Street, Rajajinagar, Bengaluru, Karnataka - 560009"
ID0303,Aisha Kumar,"3, Main Street, Electronic City, Bengaluru, Karnataka - 560038"
ID0304,Dhruv King,"98, Main Street, Basavanagudi, Ahmedabad, Gujarat - 380717"
ID0305,Isha Hernandez,"189, 1st Cross, Whitefield, Kolkata, West Bengal - 700444"
ID0306,Karan Bhardwaj,"239, Brigade Road, Malleshwaram, Ahmedabad, Gujarat - 380868"
ID0307,Noah Patel,"Apartment 85, 246, Cedar Lane, Whitefield, Lucknow, Uttar Pradesh - 226101"
ID0308,Sai Garcia,"196, Sunset Boulevard, Richmond Town, Jaipur, Rajasthan - 302551"
ID0309,Alexander Nair,"117, Church Street, Koramangala, Lucknow, Uttar Pradesh - 226508"
ID0310,Ethan Davis,"181, Main Street, Electronic City, Bengaluru, Karnataka - 560307"
ID0311,Charlotte Lee,"Apartment 55, 158, Oak Street, Basavanagudi, Jaipur, Rajasthan - 302129"
ID0312,Isha Walker,"129, MG Road, Electronic City, Bengaluru, Karnataka - 560843"
ID0313,Neha Brown,"216, 1st Cross, Indiranagar, Lucknow, Uttar Pradesh - 226405"
ID0314,Isha Walker,"150, MG Road, Whitefield, Hyderabad, Telangana - 500711"
ID0315,Ethan Allen,"161, Oak Street, Seshadripuram, Delhi, Delhi - 110233"
ID0316,Mira Scott,"Apartment 127, 128, Market Road, Indiranagar, Hyderabad, Telangana - 500845"
ID0317,Rohit Bhatt,"238, Oak Street, Basavanagudi, Pune, Maharashtra - 411536"
ID0318,Rhea Walker,"Lotus Apartments, 84, MG Road, Koramangala, Kolkata, West Bengal - 700573"
ID0319,Vivaan Walker,"137, Cedar Lane, Jayanagar, Mumbai, Maharashtra - 400550"
ID0320,Vihaan King,"55, Cedar Lane, Frazer Town, Ahmedabad, Gujarat - 380585"
ID0321,Isha Khan,"31, Cedar Lane, Indiranagar, Mumbai, Maharashtra - 400278"
ID0322,Sana King,"Apartment 24, 195, 1st Cross, Koramangala, Ahmedabad, Gujarat - 380298"
ID0323,Neha Brown,"88, 1st Cross, Koramangala, Delhi, Delhi - 110998"
ID0324,Neha Wright,"93, Hilltop Road, Basavanagudi, Mumbai, Maharashtra - 400746"
ID0325,Amelia Lee,"146, MG Road, Electronic City, Kolkata, West Bengal - 700065"
ID0326,Mira Hall,"70, Hilltop Road, Kalyan Nagar, Ahmedabad, Gujarat - 380785"
ID0327,Charlotte Khan,"161, Station Road, Frazer Town, Kolkata, West Bengal - 700096"
ID0328,Karan King,"20, Hilltop Road, Koramangala, Lucknow, Uttar Pradesh - 226780"
ID0329,Krishna Bhardwaj,"247, Lakeview Drive, HSR Layout, Delhi, Delhi - 110342"
ID0330,Arjun Kapoor,"114, Hilltop Road, Kalyan Nagar, Bengaluru, Karnataka - 560317"
ID0331,Aarav Shah,"146, Oak Street, Malleshwaram, Jaipur, Rajasthan - 302414"
ID0332,Vihaan Kumar,"160, Market Road, Jayanagar, Chennai, Tamil Nadu - 600976"
ID0333,Kavya Sharma,"225, Hilltop Road, Jayanagar, Pune, Maharashtra - 411400"
ID0334,Lucas Lee,"94, Sunset Boulevard, HSR Layout, Ahmedabad, Gujarat - 380973"
ID0335,Sophia Allen,"73, Church Street, Koramangala, Jaipur, Rajasthan - 302915"
ID0336,Rhea Scott,"75, 2nd Cross, Electronic City, Jaipur, Rajasthan - 302968"
ID0337,Ishaan Reddy,"Sai Plaza, 206, Hilltop Road, Jayanagar, Mumbai, Maharashtra - 400307"
ID0338,Amelia Nair,"177, Lakeview Drive, Electronic City, Jaipur, Rajasthan - 302638"
ID0339,Alexander Das,"22, MG Road, Indiranagar, Hyderabad, Telangana - 500368"
ID0340,Isha King,"133, Station Road, Seshadripuram, Bengaluru, Karnataka - 560178"
ID0341,Sana Martinez,"201, 2nd Cross, Malleshwaram, Mumbai, Maharashtra - 400943"
ID0342,Arjun Lopez,"224, Brigade Road, Electronic City, Lucknow, Uttar Pradesh - 226347"
ID0343,Karan Bhatt,"17, MG Road, Rajajinagar, Lucknow, Uttar Pradesh - 226509"
ID0344,Sneha Lopez,"113, Hilltop Road, BTM Layout, Ahmedabad, Gujarat - 380022"
ID0345,Liam Sharma,"4, Sunset Boulevard, Richmond Town, Bengaluru, Karnataka - 560428"
ID0346,Dhruv Johnson,"231, Church Street, Kalyan Nagar, Bengaluru, Karnataka - 560312"
ID0347,Rohit Gupta,"184, Market Road, Whitefield, Pune, Maharashtra - 411880"
ID0348,Karan Khan,"50, 2nd Cross, Whitefield, Pune, Maharashtra - 411919"
ID0349,Emma Davis,"Apartment 105, 115, Maple Street, Richmond Town, Lucknow, Uttar Pradesh - 226534"
ID0350,Charlotte Joshi,"Lotus Heights, 34, Main Street, Seshadripuram, Ahmedabad, Gujarat - 380981"
ID0351,Karan Thomas,"127, 1st Cross, Malleshwaram, Jaipur, Rajasthan - 302500"
ID0352,Aisha Singh,"190, Market Road, Koramangala, Jaipur, Rajasthan - 302584"
ID0353,Ethan Jones,"108, 2nd Cross, Jayanagar, Chennai, Tamil Nadu - 600291"
ID0354,Omar Walker,"20, 1st Cross, Koramangala, Jaipur, Rajasthan - 302537"
ID0355,Neha Das,"30, 2nd Cross, Banashankari, Bengaluru, Karnataka - 560185"
ID0356,Krishna Reddy,"Apartment 8, 69, Market Road, Rajajinagar, Bengaluru, Karnataka - 560833"
ID0357,Ethan Joshi,"Lotus Apartments, 127, 1st Cross, BTM Layout, Jaipur, Rajasthan - 302671"
ID0358,Harper Davis,"206, Hilltop Road, BTM Layout, Jaipur, Rajasthan - 302784"
ID0359,Ishaan Nair,"Apartment 140, 42, Oak Street, Kalyan Nagar, Lucknow, Uttar Pradesh - 226396"
ID0360,Liam Green,"124, Main Street, Banashankari, Bengaluru, Karnataka - 560823"
ID0361,Rohit Joshi,"237, 1st Cross, Seshadripuram, Pune, Maharashtra - 411330"
ID0362,Mira Hall,"153, Lakeview Drive, Jayanagar, Kolkata, West Bengal - 700474"
ID0363,Rhea King,"239,  Park Street, Koramangala, Chennai, Tamil Nadu - 600268"
ID0364,Aarav Das,"Apartment 127, 153,  Park Street, Koramangala, Lucknow, Uttar Pradesh - 226547"
ID0365,Noah Nair,"29, Palm Avenue, Indiranagar, Ahmedabad, Gujarat - 380582"
ID0366,Noah Bhardwaj,"Apartment 104, 121, 1st Cross, HSR Layout, Kolkata, West Bengal - 700133"
ID0367,Charlotte Hill,"Apartment 76, 126, Maple Street, Koramangala, Bengaluru, Karnataka - 560139"
ID0368,Sneha Brown,"Sai Apartments, Apartment 14, 180, Market Road, Rajajinagar, Pune, Maharashtra - 411210"
ID0369,Neha Rao,"62, Lakeview Drive, Richmond Town, Chennai, Tamil Nadu - 600950"
ID0370,Ishaan Garcia,"106, Maple Street, Indiranagar, Lucknow, Uttar Pradesh - 226776"
ID0371,Omar Green,"137, Lakeview Drive, Koramangala, Ahmedabad, Gujarat - 380569"
ID0372,Aarav Joshi,"Shree Plaza, 234, Brigade Road, Banashankari, Kolkata, West Bengal - 700177"
ID0373,Omar Kumar,"208, Lakeview Drive, Banashankari, Chennai, Tamil Nadu - 600352"
ID0374,Sai Wright,"Lotus Plaza, 181, MG Road, Banashankari, Delhi, Delhi - 110058"
ID0375,Mason Verma,"246, Hilltop Road, Rajajinagar, Pune, Maharashtra - 411919"
ID0376,Amelia Joshi,"37, Sunset Boulevard, Indiranagar, Bengaluru, Karnataka - 560556"
ID0377,Charlotte Scott,"48, Station Road, Kalyan Nagar, Bengaluru, Karnataka - 560097"
ID0378,Aisha Mehta,"Lotus Residency, 220, Market Road, Whitefield, Delhi, Delhi - 110308"
ID0379,Rhea Singh,"Apartment 118, 207, Oak Street, Koramangala, Ahmedabad, Gujarat - 380804"
ID0380,Dhruv Joshi,"185, Cedar Lane, HSR Layout, Chennai, Tamil Nadu - 600075"
ID0381,Aisha Nair,"Apartment 133, 96, MG Road, Jayanagar, Ahmedabad, Gujarat - 380857"
ID0382,Mason Young,"143, Cedar Lane, Banashankari, Kolkata, West Bengal - 700919"
ID0383,Neha Miller,"Shree Heights, 212, Sunset Boulevard, HSR Layout, Chennai, Tamil Nadu - 600408"
ID0384,Lucas King,"244, Cedar Lane, Malleshwaram, Lucknow, Uttar Pradesh - 226105"
ID0385,Sai Davis,"Lotus Apartments, 61, Main Street, Frazer Town, Jaipur, Rajasthan - 302201"
ID0386,Karan Hill,"Sai Apartments, 226, MG Road, Whitefield, Jaipur, Rajasthan - 302432"
ID0387,Olivia Allen,"225, Palm Avenue, Indiranagar, Mumbai, Maharashtra - 400474"
ID0388,Evelyn Rao,"209, Main Street, Frazer Town, Bengaluru, Karnataka - 560228"
ID0389,Kabir Rao,"75, Market Road, Seshadripuram, Chennai, Tamil Nadu - 600626"
ID0390,Mira Hall,"233,  Park Street, Frazer Town, Kolkata, West Bengal - 700661"
ID0391,Aarav Das,"120, Sunset Boulevard, Malleshwaram, Hyderabad, Telangana - 500503"
ID0392,Ethan Rao,"70, MG Road, Richmond Town, Bengaluru, Karnataka - 560143"
ID0393,Aisha Kapoor,"The Heights, 176, Brigade Road, Seshadripuram, Lucknow, Uttar Pradesh - 226731"
ID0394,Omar King,"83, Lakeview Drive, BTM Layout, Chennai, Tamil Nadu - 600896"
ID0395,Lucas Green,"15, 2nd Cross, Richmond Town, Pune, Maharashtra - 411620"
ID0396,Dhruv Williams,"63, 2nd Cross, Jayanagar, Kolkata, West Bengal - 700040"
ID0397,Emma Miller,"7, Sunset Boulevard, Electronic City, Mumbai, Maharashtra - 400165"
ID0398,Liam Young,"120, 2nd Cross, BTM Layout, Kolkata, West Bengal - 700131"
ID0399,Mason Reddy,"Lotus Heights, 242, Hilltop Road, Jayanagar, Mumbai, Maharashtra - 400200"
ID0400,Rhea Das,"146, Station Road, Indiranagar, Kolkata, West Bengal - 700659"
ID0401,Ishaan Rodriguez,"173, Hilltop Road, Malleshwaram, Delhi, Delhi - 110639"
ID0402,Amelia Garcia,"249, Cedar Lane, Malleshwaram, Ahmedabad, Gujarat - 380062"
ID0403,Aarav Martinez,"Lotus Heights, 25, Market Road, Kalyan Nagar, Kolkata, West Bengal - 700772"
ID0404,Evelyn Khan,"43, Sunset Boulevard, Jayanagar, Hyderabad, Telangana - 500735"
ID0405,Vivaan Lopez,"82,  Park Street, Richmond Town, Ahmedabad, Gujarat - 380074"
ID0406,Kabir Scott,"The Heights, 238, Oak Street, Banashankari, Ahmedabad, Gujarat - 380034"
ID0407,Mason Brown,"169, Oak Street, Malleshwaram, Hyderabad, Telangana - 500063"
ID0408,Kabir Hill,"219, Hilltop Road, Kalyan Nagar, Jaipur, Rajasthan - 302872"
ID0409,Dhruv Jones,"122, 1st Cross, Banashankari, Ahmedabad, Gujarat - 380190"
ID0410,Sophia Iyer,"90, Brigade Road, Koramangala, Lucknow, Uttar Pradesh - 226327"
ID0411,Karan Wright,"8,  Park Street, Whitefield, Lucknow, Uttar Pradesh - 226594"
ID0412,Aisha Singh,"222, Brigade Road, Frazer Town, Jaipur, Rajasthan - 302691"
ID0413,Omar Davis,"126, Church Street, Electronic City, Kolkata, West Bengal - 700848"
ID0414,Rohit Hernandez,"The Residency, Apartment 175, 228, 1st Cross, Seshadripuram, Lucknow, Uttar Pradesh - 226794"
ID0415,Rhea Walker,"Apartment 2, 185, Maple Street, Seshadripuram, Pune, Maharashtra - 411355"
ID0416,Vihaan Johnson,"101, Main Street, Whitefield, Kolkata, West Bengal - 700231"
ID0417,Ananya Iyer,"144, Palm Avenue, Electronic City, Jaipur, Rajasthan - 302190"
ID0418,Sophia Thomas,"19, Maple Street, Jayanagar, Chennai, Tamil Nadu - 600357"
ID0419,Vivaan Rao,"Apartment 105, 12, Maple Street, Jayanagar, Pune, Maharashtra - 411460"
ID0420,Rohit Martinez,"35, Church Street, Koramangala, Bengaluru, Karnataka - 560093"
ID0421,Aisha Rodriguez,"Apartment 106, 209, Lakeview Drive, Koramangala, Mumbai, Maharashtra - 400539"
ID0422,Aditya Verma,"37, Maple Street, Kalyan Nagar, Jaipur, Rajasthan - 302525"
ID0423,Noah Gupta,"27, Hilltop Road, Jayanagar, Lucknow, Uttar Pradesh - 226938"
ID0424,Vihaan Hall,"150, Station Road, HSR Layout, Bengaluru, Karnataka - 560174"
ID0425,Sai Khan,"11, Cedar Lane, Rajajinagar, Ahmedabad, Gujarat - 380447"
ID0426,Priya Iyer,"160, MG Road, Malleshwaram, Lucknow, Uttar Pradesh - 226894"
ID0427,Ishaan Young,"Sai Heights, 132, Station Road, Seshadripuram, Bengaluru, Karnataka - 560164"
ID0428,Evelyn Rodriguez,"Apartment 128, 242, Brigade Road, Rajajinagar, Delhi, Delhi - 110030"
ID0429,Mason Garcia,"117, Lakeview Drive, Kalyan Nagar, Jaipur, Rajasthan - 302646"
ID0430,Kavya Sharma,"139, Maple Street, Indiranagar, Bengaluru, Karnataka - 560410"
ID0431,Ethan Sharma,"173, Oak Street, Malleshwaram, Bengaluru, Karnataka - 560582"
ID0432,Aisha Hill,"62, MG Road, Banashankari, Ahmedabad, Gujarat - 380465"
ID0433,Olivia Iyer,"131, Market Road, Whitefield, Kolkata, West Bengal - 700432"
ID0434,Vivaan Davis,"99,  Park Street, Kalyan Nagar, Bengaluru, Karnataka - 560219"
ID0435,Maya Johnson,"187, Maple Street, Electronic City, Ahmedabad, Gujarat - 380403"
ID0436,Neha Joshi,"Lotus Plaza, 134, Cedar Lane, Banashankari, Lucknow, Uttar Pradesh - 226876"
ID0437,Aarav Miller,"67,  Park Street, BTM Layout, Mumbai, Maharashtra - 400535"
ID0438,Sophia Scott,"2,  Park Street, Kalyan Nagar, Kolkata, West Bengal - 700721"
ID0439,Vivaan Martinez,"62, 1st Cross, Indiranagar, Ahmedabad, Gujarat - 380102"
ID0440,Ishaan Singh,"76, 1st Cross, Jayanagar, Jaipur, Rajasthan - 302007"
ID0441,Evelyn Garcia,"57, Station Road, Kalyan Nagar, Jaipur, Rajasthan - 302905"
ID0442,Ilan Lee,"129, 1st Cross, Whitefield, Mumbai, Maharashtra - 400791"
ID0443,Harper Mehta,"33, Main Street, Richmond Town, Delhi, Delhi - 110884"
ID0444,Karan Shah,"121, Main Street, Kalyan Nagar, Hyderabad, Telangana - 500451"
ID0445,Ethan Garcia,"105, 2nd Cross, Malleshwaram, Pune, Maharashtra - 411573"
ID0446,Priya Iyer,"37, Hilltop Road, Richmond Town, Mumbai, Maharashtra - 400955"
ID0447,Rohit Iyer,"Apartment 160, 60, Station Road, Indiranagar, Delhi, Delhi - 110338"
ID0448,Mason Lopez,"54, Brigade Road, Banashankari, Lucknow, Uttar Pradesh - 226940"
ID0449,Noah Kapoor,"7, Main Street, Malleshwaram, Mumbai, Maharashtra - 400826"
ID0450,Dhruv King,"149, Palm Avenue, Whitefield, Mumbai, Maharashtra - 400167"
ID0451,Vivaan Reddy,"Apartment 125, 69, Hilltop Road, Seshadripuram, Delhi, Delhi - 110259"
ID0452,Henry Verma,"181, Church Street, Kalyan Nagar, Delhi, Delhi - 110751"
ID0453,Mira Verma,"233, Brigade Road, HSR Layout, Chennai, Tamil Nadu - 600590"
ID0454,Noah Allen,"The Residency, 126, Lakeview Drive, Basavanagudi, Ahmedabad, Gujarat - 380636"
ID0455,Priya Scott,"82, Palm Avenue, Indiranagar, Mumbai, Maharashtra - 400679"
ID0456,Maya Hill,"105, Station Road, Indiranagar, Bengaluru, Karnataka - 560283"
ID0457,Charlotte Martinez,"Shree Apartments, 215, Lakeview Drive, Kalyan Nagar, Lucknow, Uttar Pradesh - 226381"
ID0458,Kabir Walker,"50, Main Street, Electronic City, Lucknow, Uttar Pradesh - 226733"
ID0459,Arjun Hall,"Lotus Residency, 116, Main Street, HSR Layout, Bengaluru, Karnataka - 560287"
ID0460,Mason Davis,"139, Brigade Road, Banashankari, Bengaluru, Karnataka - 560282"
ID0461,Alexander Lopez,"205, Brigade Road, Jayanagar, Bengaluru, Karnataka - 560009"
ID0462,Karan Khan,"1, Hilltop Road, Jayanagar, Hyderabad, Telangana - 500947"
ID0463,Amelia King,"75, Market Road, Richmond Town, Bengaluru, Karnataka - 560337"
ID0464,Ethan Hill,"Apartment 76, 90, Market Road, Koramangala, Delhi, Delhi - 110372"
ID0465,Maya Mehta,"170, Brigade Road, Seshadripuram, Ahmedabad, Gujarat - 380825"
ID0466,Karan Garcia,"Shree Heights, 246, 1st Cross, Richmond Town, Mumbai, Maharashtra - 400871"
ID0467,Noah Patel,"221, 1st Cross, Banashankari, Ahmedabad, Gujarat - 380105"
ID0468,Karan Rao,"245, Palm Avenue, BTM Layout, Kolkata, West Bengal - 700280"
ID0469,Rhea Verma,"227, Palm Avenue, Jayanagar, Kolkata, West Bengal - 700573"
ID0470,Karan Scott,"Shree Apartments, 40, Market Road, Seshadripuram, Chennai, Tamil Nadu - 600481"
ID0471,Amelia Young,"221, MG Road, Seshadripuram, Jaipur, Rajasthan - 302559"
ID0472,Sai Garcia,"165, Cedar Lane, Frazer Town, Chennai, Tamil Nadu - 600795"
ID0473,Liam Rao,"67, Oak Street, Basavanagudi, Jaipur, Rajasthan - 302540"
ID0474,Sai Das,"Shree Heights, 193, 1st Cross, Whitefield, Chennai, Tamil Nadu - 600775"
ID0475,Omar Singh,"16, 2nd Cross, Kalyan Nagar, Mumbai, Maharashtra - 400335"
ID0476,Sai Thomas,"131, Market Road, Richmond Town, Jaipur, Rajasthan - 302550"
ID0477,Lucas Kumar,"18, Station Road, Indiranagar, Mumbai, Maharashtra - 400586"
ID0478,Dhruv Patel,"96, Palm Avenue, Indiranagar, Hyderabad, Telangana - 500233"
ID0479,Harper Mehta,"87, Market Road, Jayanagar, Bengaluru, Karnataka - 560315"
ID0480,Liam Allen,"136, Market Road, Rajajinagar, Ahmedabad, Gujarat - 380499"
ID0481,Aditya Martinez,"Apartment 47, 79, Church Street, Whitefield, Chennai, Tamil Nadu - 600677"
ID0482,Noah Young,"157, Main Street, Electronic City, Bengaluru, Karnataka - 560972"
ID0483,Rohit Miller,"235,  Park Street, HSR Layout, Lucknow, Uttar Pradesh - 226170"
ID0484,Isha Das,"Shree Apartments, Apartment 158, 67, MG Road, Seshadripuram, Bengaluru, Karnataka - 560885"
ID0485,Mira Brown,"17, Church Street, Whitefield, Bengaluru, Karnataka - 560576"
ID0486,Krishna Gupta,"34, Hilltop Road, Richmond Town, Pune, Maharashtra - 411540"
ID0487,Henry Joshi,"16, Brigade Road, Basavanagudi, Ahmedabad, Gujarat - 380277"
ID0488,Henry Jones,"159, Station Road, Indiranagar, Lucknow, Uttar Pradesh - 226395"
ID0489,Aarav Khan,"245, Hilltop Road, Basavanagudi, Kolkata, West Bengal - 700731"
ID0490,Lucas Hill,"36, Station Road, Basavanagudi, Chennai, Tamil Nadu - 600625"
ID0491,Neha Shah,"57, 2nd Cross, Electronic City, Chennai, Tamil Nadu - 600756"
ID0492,Sneha Johnson,"Sai Residency, 103, Maple Street, HSR Layout, Hyderabad, Telangana - 500665"
ID0493,Sophia Walker,"71, Church Street, Koramangala, Kolkata, West Bengal - 700478"
ID0494,Priya Brown,"Apartment 121, 110, Cedar Lane, Electronic City, Kolkata, West Bengal - 700234"
ID0495,Aarav Bhardwaj,"Apartment 44, 96, Palm Avenue, Rajajinagar, Mumbai, Maharashtra - 400601"
ID0496,Ilan Wright,"111, Market Road, Banashankari, Pune, Maharashtra - 411915"
ID0497,Henry Gupta,"Apartment 19, 146, Hilltop Road, Koramangala, Bengaluru, Karnataka - 560765"
ID0498,Mason Khan,"26, MG Road, Jayanagar, Kolkata, West Bengal - 700867"
ID0499,Zara Khan,"Apartment 141, 13, Palm Avenue, Seshadripuram, Pune, Maharashtra - 411277"
ID0500,Rhea Hill,"166, Hilltop Road, BTM Layout, Kolkata, West Bengal - 700102"
ID0501,Rohit Wright,"114, Lakeview Drive, Rajajinagar, Ahmedabad, Gujarat - 380484"
ID0502,Aditya Rodriguez,"Sai Apartments, 240, MG Road, Koramangala, Ahmedabad, Gujarat - 380203"
ID0503,Zara Davis,"96, Station Road, Kalyan Nagar, Pune, Maharashtra - 411504"
ID0504,Neha Rodriguez,"195, Station Road, Kalyan Nagar, Jaipur, Rajasthan - 302220"
ID0505,Sophia Shah,"76, Station Road, Jayanagar, Kolkata, West Bengal - 700911"
ID0506,Arjun Thomas,"172, Brigade Road, Rajajinagar, Hyderabad, Telangana - 500637"
ID0507,Liam Hernandez,"163, Church Street, Jayanagar, Ahmedabad, Gujarat - 380476"
ID0508,Aditya Hernandez,"209, Palm Avenue, BTM Layout, Delhi, Delhi - 110303"
ID0509,Alexander Bhatt,"14, MG Road, HSR Layout, Delhi, Delhi - 110304"
ID0510,Ananya Garcia,"240, Sunset Boulevard, Electronic City, Jaipur, Rajasthan - 302360"
ID0511,Mira Hernandez,"Sai Apartments, 35, Maple Street, Frazer Town, Bengaluru, Karnataka - 560593"
ID0512,Zara Sharma,"82, 1st Cross, Whitefield, Jaipur, Rajasthan - 302381"
ID0513,Sana Sharma,"Lotus Apartments, 125, Main Street, Electronic City, Delhi, Delhi - 110123"
ID0514,Rohit Martinez,"62, Brigade Road, BTM Layout, Pune, Maharashtra - 411765"
ID0515,Zara Hall,"63, 1st Cross, Seshadripuram, Mumbai, Maharashtra - 400089"
ID0516,Sai Johnson,"86, Sunset Boulevard, Basavanagudi, Kolkata, West Bengal - 700006"
ID0517,Sana Patel,"79, Station Road, BTM Layout, Ahmedabad, Gujarat - 380807"
ID0518,Dhruv Garcia,"138, Oak Street, Jayanagar, Jaipur, Rajasthan - 302688"
ID0519,Henry Rodriguez,"249, 2nd Cross, Rajajinagar, Lucknow, Uttar Pradesh - 226596"
ID0520,Priya Young,"217, Station Road, Banashankari, Bengaluru, Karnataka - 560771"
ID0521,Lucas Verma,"243, Market Road, Electronic City, Mumbai, Maharashtra - 400475"
ID0522,Charlotte Miller,"106, Oak Street, Banashankari, Pune, Maharashtra - 411407"
ID0523,Noah Khan,"106, Station Road, Basavanagudi, Bengaluru, Karnataka - 560857"
ID0524,Ilan Allen,"72, Station Road, Richmond Town, Bengaluru, Karnataka - 560561"
ID0525,Aisha Singh,"Apartment 29, 246, 2nd Cross, Koramangala, Bengaluru, Karnataka - 560160"
ID0526,Olivia Johnson,"Sai Apartments, 85, Sunset Boulevard, HSR Layout, Ahmedabad, Gujarat - 380789"
ID0527,Rohit Bhardwaj,"77, Church Street, BTM Layout, Mumbai, Maharashtra - 400224"
ID0528,Ananya Allen,"241, Maple Street, Kalyan Nagar, Chennai, Tamil Nadu - 600938"
ID0529,Kavya Scott,"212, 1st Cross, Rajajinagar, Chennai, Tamil Nadu - 600585"
ID0530,Amelia Lee,"133, Lakeview Drive, Electronic City, Jaipur, Rajasthan - 302233"
ID0531,Emma Reddy,"6, Palm Avenue, Electronic City, Mumbai, Maharashtra - 400123"
ID0532,Sophia Miller,"13, Main Street, Kalyan Nagar, Mumbai, Maharashtra - 400003"
ID0533,Isha Bhardwaj,"Sai Plaza, Apartment 23, 195, Brigade Road, BTM Layout, Bengaluru, Karnataka - 560133"
ID0534,Noah Reddy,"Apartment 134, 23, Station Road, Whitefield, Hyderabad, Telangana - 500763"
ID0535,Lucas Gupta,"116, Station Road, Rajajinagar, Bengaluru, Karnataka - 560782"
ID0536,Isha Bhatt,"145, Brigade Road, Indiranagar, Hyderabad, Telangana - 500559"
ID0537,Aditya Hernandez,"118, Church Street, Basavanagudi, Pune, Maharashtra - 411724"
ID0538,Krishna Patel,"129, Maple Street, Richmond Town, Delhi, Delhi - 110047"
ID0539,Sana Verma,"237, Oak Street, Richmond Town, Chennai, Tamil Nadu - 600936"
ID0540,Sana Lee,"Apartment 171, 57, Palm Avenue, Electronic City, Hyderabad, Telangana - 500521"
ID0541,Isha Hernandez,"Sai Plaza, 248, Main Street, Richmond Town, Jaipur, Rajasthan - 302666"
ID0542,Rohit Nair,"120, Station Road, Electronic City, Jaipur, Rajasthan - 302648"
ID0543,Sai Williams,"170, Hilltop Road, Rajajinagar, Jaipur, Rajasthan - 302578"
ID0544,Arjun Bhardwaj,"99, Station Road, HSR Layout, Hyderabad, Telangana - 500485"
ID0545,Ananya Scott,"Shree Residency, 110, Maple Street, Koramangala, Kolkata, West Bengal - 700742"
ID0546,Olivia Lee,"Shree Heights, 57, Market Road, Electronic City, Delhi, Delhi - 110778"
ID0547,Ananya Miller,"93, Lakeview Drive, Indiranagar, Bengaluru, Karnataka - 560875"
ID0548,Evelyn King,"Apartment 183, 248, Oak Street, Electronic City, Mumbai, Maharashtra - 400848"
ID0549,Sophia Joshi,"117, Main Street, HSR Layout, Bengaluru, Karnataka - 560120"
ID0550,Noah Joshi,"117, 2nd Cross, Banashankari, Pune, Maharashtra - 411957"
ID0551,Rhea Hernandez,"Sai Plaza, Apartment 160, 149, Hilltop Road, Basavanagudi, Chennai, Tamil Nadu - 600584"
ID0552,Sana Allen,"139,  Park Street, Banashankari, Hyderabad, Telangana - 500879"
ID0553,Sophia Martinez,"Lotus Apartments, Apartment 124, 169, Cedar Lane, Frazer Town, Pune, Maharashtra - 411197"
ID0554,Aditya Nair,"43, Lakeview Drive, Koramangala, Delhi, Delhi - 110490"
ID0555,Sneha Kumar,"182, Brigade Road, Kalyan Nagar, Jaipur, Rajasthan - 302996"
ID0556,Lucas Green,"40, Maple Street, Malleshwaram, Lucknow, Uttar Pradesh - 226836"
ID0557,Kavya Rao,"130, Sunset Boulevard, BTM Layout, Lucknow, Uttar Pradesh - 226759"
ID0558,Rhea Walker,"Apartment 113, 153, Church Street, Basavanagudi, Mumbai, Maharashtra - 400518"
ID0559,Ilan Rao,"161, Lakeview Drive, Electronic City, Mumbai, Maharashtra - 400936"
ID0560,Lucas Young,"68, Oak Street, BTM Layout, Bengaluru, Karnataka - 560132"
ID0561,Ethan Bhatt,"Apartment 162, 57, Church Street, Rajajinagar, Pune, Maharashtra - 411194"
ID0562,Amelia Mehta,"249, Cedar Lane, Seshadripuram, Hyderabad, Telangana - 500728"
ID0563,Rohit Young,"The Apartments, 64, Market Road, HSR Layout, Jaipur, Rajasthan - 302966"
ID0564,Sana Joshi,"3, Palm Avenue, Jayanagar, Lucknow, Uttar Pradesh - 226189"
ID0565,Priya Young,"32, Cedar Lane, BTM Layout, Mumbai, Maharashtra - 400577"
ID0566,Evelyn Shah,"29, Station Road, Indiranagar, Jaipur, Rajasthan - 302452"
ID0567,Charlotte Nair,"9, Hilltop Road, Indiranagar, Bengaluru, Karnataka - 560375"
ID0568,Alexander Kumar,"65, Lakeview Drive, Jayanagar, Mumbai, Maharashtra - 400829"
ID0569,Charlotte Verma,"Apartment 193, 86,  Park Street, Rajajinagar, Bengaluru, Karnataka - 560774"
ID0570,Emma Scott,"88, Palm Avenue, Malleshwaram, Hyderabad, Telangana - 500836"
ID0571,Ananya Davis,"Apartment 150, 199, Sunset Boulevard, Seshadripuram, Hyderabad, Telangana - 500739"
ID0572,Kavya Sharma,"Apartment 169, 90, Maple Street, Basavanagudi, Delhi, Delhi - 110583"
ID0573,Neha Scott,"27, MG Road, Rajajinagar, Pune, Maharashtra - 411079"
ID0574,Liam Iyer,"210, Church Street, Electronic City, Lucknow, Uttar Pradesh - 226716"
ID0575,Sophia Rodriguez,"16, Sunset Boulevard, Richmond Town, Lucknow, Uttar Pradesh - 226872"
ID0576,Noah Hall,"2, Lakeview Drive, BTM Layout, Chennai, Tamil Nadu - 600858"
ID0577,Dhruv Scott,"158, Oak Street, Whitefield, Ahmedabad, Gujarat - 380243"
ID0578,Isha Scott,"The Plaza, 213, 1st Cross, Banashankari, Chennai, Tamil Nadu - 600719"
ID0579,Rohit Kapoor,"47, MG Road, Electronic City, Hyderabad, Telangana - 500720"
ID0580,Aarav Thomas,"Apartment 131, 234, MG Road, HSR Layout, Hyderabad, Telangana - 500693"
ID0581,Isha Singh,"222, Maple Street, Kalyan Nagar, Lucknow, Uttar Pradesh - 226243"
ID0582,Aarav Reddy,"32,  Park Street, Frazer Town, Pune, Maharashtra - 411287"
ID0583,Harper Hall,"239, 1st Cross, Jayanagar, Kolkata, West Bengal - 700928"
ID0584,Emma Nair,"Sai Heights, 5, Cedar Lane, Whitefield, Chennai, Tamil Nadu - 600438"
ID0585,Rohit Iyer,"70, Oak Street, HSR Layout, Kolkata, West Bengal - 700319"
ID0586,Aditya Martinez,"23, 2nd Cross, Kalyan Nagar, Pune, Maharashtra - 411553"
ID0587,Aisha Bhatt,"165, MG Road, Richmond Town, Kolkata, West Bengal - 700715"
ID0588,Sneha Davis,"106, 1st Cross, Banashankari, Jaipur, Rajasthan - 302757"
ID0589,Rohit Hernandez,"64, Hilltop Road, Basavanagudi, Delhi, Delhi - 110509"
ID0590,Maya Hernandez,"Sai Residency, 206, Maple Street, HSR Layout, Mumbai, Maharashtra - 400654"
ID0591,Sana Rao,"172, Palm Avenue, Banashankari, Chennai, Tamil Nadu - 600994"
ID0592,Dhruv Bhatt,"220, MG Road, Kalyan Nagar, Lucknow, Uttar Pradesh - 226255"
ID0593,Olivia Green,"245, Brigade Road, Koramangala, Hyderabad, Telangana - 500917"
ID0594,Ishaan Jones,"Apartment 22, 181, Market Road, Frazer Town, Chennai, Tamil Nadu - 600011"
ID0595,Mira Verma,"5, MG Road, Whitefield, Delhi, Delhi - 110768"
ID0596,Karan Jones,"27, Hilltop Road, Banashankari, Mumbai, Maharashtra - 400231"
ID0597,Sneha Bhardwaj,"53, Station Road, BTM Layout, Pune, Maharashtra - 411895"
ID0598,Krishna Miller,"229, Main Street, Indiranagar, Ahmedabad, Gujarat - 380566"
ID0599,Ananya Gupta,"36, 2nd Cross, Whitefield, Bengaluru, Karnataka - 560265"
ID0600,Vivaan Walker,"Apartment 73, 240, 2nd Cross, Banashankari, Hyderabad, Telangana - 500817"
ID0601,Emma Lee,"222, Church Street, HSR Layout, Chennai, Tamil Nadu - 600008"
ID0602,Harper Mehta,"Apartment 170, 85, Oak Street, BTM Layout, Lucknow, Uttar Pradesh - 226532"
ID0603,Zara Lopez,"139, Brigade Road, Electronic City, Pune, Maharashtra - 411335"
ID0604,Henry Walker,"Sai Residency, 75, Sunset Boulevard, HSR Layout, Kolkata, West Bengal - 700130"
ID0605,Aditya Singh,"121,  Park Street, Banashankari, Mumbai, Maharashtra - 400353"
ID0606,Zara Hall,"Lotus Plaza, Apartment 97, 101, Hilltop Road, Frazer Town, Delhi, Delhi - 110393"
ID0607,Sneha Lee,"Apartment 45, 65, 1st Cross, Whitefield, Mumbai, Maharashtra - 400498"
ID0608,Ishaan Garcia,"Apartment 98, 79, Market Road, Seshadripuram, Ahmedabad, Gujarat - 380351"
ID0609,Isha Khan,"100, Cedar Lane, Electronic City, Chennai, Tamil Nadu - 600354"
ID0610,Alexander Johnson,"112, 1st Cross, Seshadripuram, Bengaluru, Karnataka - 560308"
ID0611,Krishna Nair,"123, Main Street, Frazer Town, Chennai, Tamil Nadu - 600792"
ID0612,Ilan Gupta,"Shree Apartments, 140, 1st Cross, Malleshwaram, Bengaluru, Karnataka - 560225"
ID0613,Ethan Bhardwaj,"Sai Plaza, Apartment 107, 149, 1st Cross, BTM Layout, Jaipur, Rajasthan - 302445"
ID0614,Neha Bhardwaj,"Apartment 181, 118, Cedar Lane, Frazer Town, Bengaluru, Karnataka - 560577"
ID0615,Maya Davis,"182, Cedar Lane, BTM Layout, Kolkata, West Bengal - 700117"
ID0616,Arjun Davis,"204, Market Road, Rajajinagar, Ahmedabad, Gujarat - 380605"
ID0617,Ishaan Wright,"Apartment 144, 152, Station Road, Richmond Town, Ahmedabad, Gujarat - 380614"
ID0618,Sana Williams,"99, Palm Avenue, Seshadripuram, Kolkata, West Bengal - 700247"
ID0619,Alexander Young,"Apartment 186, 13, MG Road, Banashankari, Chennai, Tamil Nadu - 600286"
ID0620,Ethan Joshi,"Shree Heights, 177, Palm Avenue, Koramangala, Bengaluru, Karnataka - 560124"
ID0621,Karan Lee,"169, Market Road, Jayanagar, Jaipur, Rajasthan - 302078"
ID0622,Sai Rodriguez,"222,  Park Street, Basavanagudi, Delhi, Delhi - 110386"
ID0623,Zara Thomas,"7, 2nd Cross, Kalyan Nagar, Bengaluru, Karnataka - 560125"
ID0624,Olivia Reddy,"15,  Park Street, Rajajinagar, Jaipur, Rajasthan - 302009"
ID0625,Omar Kapoor,"226, Hilltop Road, Rajajinagar, Lucknow, Uttar Pradesh - 226291"
ID0626,Zara Hill,"Apartment 1, 134, 2nd Cross, HSR Layout, Chennai, Tamil Nadu - 600528"
ID0627,Noah Rodriguez,"28, Maple Street, Kalyan Nagar, Kolkata, West Bengal - 700792"
ID0628,Lucas Thomas,"Apartment 42, 118, Sunset Boulevard, BTM Layout, Kolkata, West Bengal - 700659"
ID0629,Mason Kumar,"Apartment 116, 135, Main Street, Jayanagar, Delhi, Delhi - 110623"
ID0630,Olivia Miller,"97, Main Street, Banashankari, Chennai, Tamil Nadu - 600837"
ID0631,Kabir Khan,"99, 1st Cross, Richmond Town, Lucknow, Uttar Pradesh - 226521"
ID0632,Harper Walker,"Apartment 37, 192, Palm Avenue, Indiranagar, Lucknow, Uttar Pradesh - 226351"
ID0633,Neha Reddy,"138, Station Road, Rajajinagar, Jaipur, Rajasthan - 302850"
ID0634,Omar Das,"194, 1st Cross, Malleshwaram, Hyderabad, Telangana - 500471"
ID0635,Amelia Nair,"Apartment 18, 72, Main Street, Jayanagar, Ahmedabad, Gujarat - 380258"
ID0636,Priya Kumar,"70, Maple Street, Banashankari, Bengaluru, Karnataka - 560416"
ID0637,Sneha Shah,"149, Maple Street, BTM Layout, Ahmedabad, Gujarat - 380425"
ID0638,Aisha Young,"160, Cedar Lane, Seshadripuram, Pune, Maharashtra - 411136"
ID0639,Omar Williams,"65, 2nd Cross, Richmond Town, Kolkata, West Bengal - 700104"
ID0640,Ishaan Garcia,"67, Station Road, Richmond Town, Chennai, Tamil Nadu - 600820"
ID0641,Ethan Khan,"68, Market Road, Basavanagudi, Ahmedabad, Gujarat - 380649"
ID0642,Henry Brown,"44, Main Street, Jayanagar, Kolkata, West Bengal - 700316"
ID0643,Charlotte Bhatt,"59, Cedar Lane, BTM Layout, Mumbai, Maharashtra - 400980"
ID0644,Noah Wright,"130, Brigade Road, Indiranagar, Hyderabad, Telangana - 500688"
ID0645,Sneha Gupta,"190, Main Street, Rajajinagar, Lucknow, Uttar Pradesh - 226020"
ID0646,Henry Das,"24, 2nd Cross, Koramangala, Kolkata, West Bengal - 700546"
ID0647,Neha Lopez,"Apartment 122, 210, MG Road, Whitefield, Pune, Maharashtra - 411071"
ID0648,Ilan Davis,"48, Station Road, Richmond Town, Ahmedabad, Gujarat - 380300"
ID0649,Neha Gupta,"Apartment 62, 71, Lakeview Drive, Jayanagar, Mumbai, Maharashtra - 400883"
ID0650,Ananya Verma,"52, Sunset Boulevard, Whitefield, Bengaluru, Karnataka - 560221"
ID0651,Ishaan Mehta,"134, MG Road, Rajajinagar, Hyderabad, Telangana - 500022"
ID0652,Vihaan Mehta,"Apartment 178, 238, Main Street, Banashankari, Jaipur, Rajasthan - 302541"
ID0653,Ilan Singh,"59, Hilltop Road, Basavanagudi, Lucknow, Uttar Pradesh - 226091"
ID0654,Priya Das,"107, Cedar Lane, Frazer Town, Lucknow, Uttar Pradesh - 226003"
ID0655,Ananya Gupta,"133, Brigade Road, Koramangala, Hyderabad, Telangana - 500680"
ID0656,Alexander Bhatt,"Shree Plaza, 17,  Park Street, Indiranagar, Jaipur, Rajasthan - 302307"
ID0657,Aisha Rao,"181, Brigade Road, Whitefield, Mumbai, Maharashtra - 400583"
ID0658,Olivia Thomas,"170, 2nd Cross, BTM Layout, Kolkata, West Bengal - 700369"
ID0659,Kavya Green,"210, Cedar Lane, Jayanagar, Lucknow, Uttar Pradesh - 226874"
ID0660,Harper Johnson,"29, Oak Street, Richmond Town, Mumbai, Maharashtra - 400104"
ID0661,Mason Das,"Apartment 4, 70, 2nd Cross, Koramangala, Lucknow, Uttar Pradesh - 226353"
ID0662,Rohit Williams,"Apartment 165, 181, Station Road, Koramangala, Bengaluru, Karnataka - 560813"
ID0663,Neha Miller,"The Residency, Apartment 111, 135, Market Road, Banashankari, Kolkata, West Bengal - 700550"
ID0664,Aditya Nair,"153, Sunset Boulevard, Indiranagar, Lucknow, Uttar Pradesh - 226944"
ID0665,Alexander Young,"21,  Park Street, Whitefield, Hyderabad, Telangana - 500524"
ID0666,Rohit Bhardwaj,"95, Maple Street, Kalyan Nagar, Delhi, Delhi - 110178"
ID0667,Noah Kapoor,"81, 2nd Cross, Frazer Town, Mumbai, Maharashtra - 400040"
ID0668,Ishaan Brown,"213, Market Road, Whitefield, Chennai, Tamil Nadu - 600346"
ID0669,Amelia Jones,"43, Palm Avenue, HSR Layout, Lucknow, Uttar Pradesh - 226141"
ID0670,Sana Martinez,"200, Cedar Lane, Indiranagar, Hyderabad, Telangana - 500082"
ID0671,Omar Johnson,"187, Cedar Lane, Malleshwaram, Mumbai, Maharashtra - 400918"
ID0672,Henry Shah,"9, Palm Avenue, Seshadripuram, Mumbai, Maharashtra - 400907"
ID0673,Mason Verma,"247, Lakeview Drive, Koramangala, Kolkata, West Bengal - 700636"
ID0674,Noah Green,"94, Brigade Road, Richmond Town, Jaipur, Rajasthan - 302133"
ID0675,Vihaan Joshi,"Shree Heights, Apartment 114, 69, Brigade Road, Jayanagar, Hyderabad, Telangana - 501000"
ID0676,Maya Green,"Lotus Apartments, 183, Sunset Boulevard, Electronic City, Mumbai, Maharashtra - 400439"
ID0677,Liam Rodriguez,"147, Main Street, Indiranagar, Hyderabad, Telangana - 500111"
ID0678,Aisha Rodriguez,"169, Hilltop Road, Malleshwaram, Hyderabad, Telangana - 500899"
ID0679,Alexander Bhatt,"Apartment 37, 65, Cedar Lane, HSR Layout, Kolkata, West Bengal - 700991"
ID0680,Ethan Jones,"208, MG Road, Jayanagar, Kolkata, West Bengal - 700091"
ID0681,Kabir Bhatt,"The Residency, Apartment 35, 244, Station Road, Electronic City, Lucknow, Uttar Pradesh - 226157"
ID0682,Vivaan Nair,"The Apartments, 129, Main Street, Whitefield, Jaipur, Rajasthan - 302863"
ID0683,Vihaan Sharma,"175, Brigade Road, Seshadripuram, Kolkata, West Bengal - 700310"
ID0684,Sneha Mehta,"The Residency, 71,  Park Street, Banashankari, Delhi, Delhi - 110253"
ID0685,Alexander Shah,"68, Brigade Road, Malleshwaram, Lucknow, Uttar Pradesh - 226868"
ID0686,Vivaan Verma,"228, Cedar Lane, Kalyan Nagar, Pune, Maharashtra - 411351"
ID0687,Lucas Nair,"Sai Residency, 14,  Park Street, Richmond Town, Ahmedabad, Gujarat - 380605"
ID0688,Sneha Shah,"180, Hilltop Road, Seshadripuram, Pune, Maharashtra - 411741"
ID0689,Rohit King,"232, Lakeview Drive, Seshadripuram, Mumbai, Maharashtra - 400977"
ID0690,Neha Williams,"57, Lakeview Drive, Jayanagar, Lucknow, Uttar Pradesh - 226609"
ID0691,Isha Khan,"45, Station Road, Basavanagudi, Delhi, Delhi - 110367"
ID0692,Isha Thomas,"143, Church Street, Koramangala, Kolkata, West Bengal - 700334"
ID0693,Ilan Brown,"195, Palm Avenue, Malleshwaram, Ahmedabad, Gujarat - 380368"
ID0694,Maya Gupta,"Apartment 159, 106, Maple Street, Jayanagar, Mumbai, Maharashtra - 400219"
ID0695,Sneha Sharma,"31, Main Street, Banashankari, Ahmedabad, Gujarat - 380350"
ID0696,Priya Sharma,"51, Palm Avenue, Richmond Town, Lucknow, Uttar Pradesh - 226457"
ID0697,Zara Rodriguez,"230, Church Street, BTM Layout, Bengaluru, Karnataka - 560016"
ID0698,Emma King,"249, Station Road, Electronic City, Delhi, Delhi - 110075"
ID0699,Aditya Jones,"Apartment 172, 160, Hilltop Road, Whitefield, Mumbai, Maharashtra - 400278"
ID0700,Ethan Walker,"162, Church Street, Frazer Town, Ahmedabad, Gujarat - 380320"
ID0701,Charlotte Thomas,"78, Oak Street, Frazer Town, Kolkata, West Bengal - 700535"
ID0702,Zara Walker,"190, Market Road, HSR Layout, Jaipur, Rajasthan - 302192"
ID0703,Kavya Kapoor,"226, Lakeview Drive, Banashankari, Ahmedabad, Gujarat - 380108"
ID0704,Aditya Mehta,"99, Market Road, BTM Layout, Mumbai, Maharashtra - 400627"
ID0705,Arjun Patel,"19, Oak Street, Malleshwaram, Delhi, Delhi - 110701"
ID0706,Ananya Jones,"29, Market Road, Kalyan Nagar, Mumbai, Maharashtra - 400170"
ID0707,Mira Thomas,"Apartment 3, 164, Sunset Boulevard, Rajajinagar, Lucknow, Uttar Pradesh - 226741"
ID0708,Omar Wright,"Apartment 41, 140, MG Road, Frazer Town, Mumbai, Maharashtra - 400680"
ID0709,Priya Young,"216, Main Street, HSR Layout, Bengaluru, Karnataka - 560401"
ID0710,Lucas Miller,"Sai Plaza, 209, Palm Avenue, Rajajinagar, Delhi, Delhi - 110496"
ID0711,Kavya Allen,"Apartment 141, 202, Cedar Lane, HSR Layout, Mumbai, Maharashtra - 400966"
ID0712,Rohit Bhardwaj,"Apartment 97, 234, Brigade Road, Whitefield, Chennai, Tamil Nadu - 600993"
ID0713,Maya Mehta,"213, Cedar Lane, HSR Layout, Hyderabad, Telangana - 500090"
ID0714,Aarav Singh,"Sai Residency, Apartment 156, 240, Maple Street, BTM Layout, Jaipur, Rajasthan - 302120"
ID0715,Charlotte Bhardwaj,"231, Brigade Road, BTM Layout, Mumbai, Maharashtra - 400700"
ID0716,Kavya Joshi,"60, Church Street, Indiranagar, Ahmedabad, Gujarat - 380236"
ID0717,Arjun Martinez,"54, 1st Cross, Richmond Town, Delhi, Delhi - 110917"
ID0718,Sophia Nair,"175, Palm Avenue, Indiranagar, Lucknow, Uttar Pradesh - 226476"
ID0719,Zara Martinez,"The Residency, 178, Main Street, BTM Layout, Lucknow, Uttar Pradesh - 226305"
ID0720,Ilan Wright,"16, Cedar Lane, Electronic City, Chennai, Tamil Nadu - 600851"
ID0721,Maya Jones,"96, Oak Street, Basavanagudi, Kolkata, West Bengal - 700394"
ID0722,Priya Young,"250, Lakeview Drive, Rajajinagar, Pune, Maharashtra - 411140"
ID0723,Charlotte Johnson,"Apartment 138, 203, Brigade Road, Whitefield, Kolkata, West Bengal - 700319"
ID0724,Lucas Green,"Shree Heights, 24, Palm Avenue, Frazer Town, Kolkata, West Bengal - 700917"
ID0725,Sana Lee,"220, Main Street, Seshadripuram, Kolkata, West Bengal - 700670"
ID0726,Vivaan Bhardwaj,"36, 2nd Cross, Frazer Town, Kolkata, West Bengal - 700405"
ID0727,Evelyn Das,"Sai Residency, Apartment 78, 60, MG Road, Koramangala, Hyderabad, Telangana - 500026"
ID0728,Amelia Wright,"111, 1st Cross, Koramangala, Pune, Maharashtra - 411365"
ID0729,Mira Lee,"90,  Park Street, Koramangala, Lucknow, Uttar Pradesh - 226734"
ID0730,Sophia Khan,"103, Palm Avenue, Kalyan Nagar, Pune, Maharashtra - 411542"
ID0731,Mira Young,"134, Sunset Boulevard, Frazer Town, Kolkata, West Bengal - 700090"
ID0732,Isha Hill,"6, Main Street, Koramangala, Bengaluru, Karnataka - 560465"
ID0733,Neha Iyer,"Apartment 141, 40, Maple Street, Koramangala, Pune, Maharashtra - 411536"
ID0734,Alexander Joshi,"35, 2nd Cross, Whitefield, Hyderabad, Telangana - 500368"
ID0735,Sana Hernandez,"238, Church Street, Malleshwaram, Hyderabad, Telangana - 500383"
ID0736,Mason Joshi,"27, Brigade Road, Richmond Town, Lucknow, Uttar Pradesh - 226939"
ID0737,Ethan Miller,"9, Hilltop Road, Jayanagar, Pune, Maharashtra - 411936"
ID0738,Sophia Lee,"177, Palm Avenue, Seshadripuram, Ahmedabad, Gujarat - 380470"
ID0739,Aarav Gupta,"Sai Residency, 48, 2nd Cross, Rajajinagar, Pune, Maharashtra - 411264"
ID0740,Emma Lee,"215, MG Road, Electronic City, Lucknow, Uttar Pradesh - 226600"
ID0741,Priya Brown,"148, Market Road, Malleshwaram, Delhi, Delhi - 110929"
ID0742,Lucas Brown,"194, 2nd Cross, Whitefield, Pune, Maharashtra - 411117"
ID0743,Ethan Shah,"Apartment 51, 189, Oak Street, Electronic City, Bengaluru, Karnataka - 560179"
ID0744,Aditya Wright,"81, Maple Street, Kalyan Nagar, Hyderabad, Telangana - 500770"
ID0745,Harper Rodriguez,"161, Station Road, Electronic City, Bengaluru, Karnataka - 560202"
ID0746,Amelia Das,"170, MG Road, Seshadripuram, Chennai, Tamil Nadu - 600122"
ID0747,Isha Bhardwaj,"180, Oak Street, HSR Layout, Chennai, Tamil Nadu - 600502"
ID0748,Noah Patel,"131, Market Road, Richmond Town, Ahmedabad, Gujarat - 380477"
ID0749,Dhruv Patel,"155, Hilltop Road, Frazer Town, Kolkata, West Bengal - 700501"
ID0750,Karan Green,"Sai Apartments, 184, Church Street, Rajajinagar, Jaipur, Rajasthan - 302084"
ID0751,Sophia Mehta,"169, MG Road, Basavanagudi, Lucknow, Uttar Pradesh - 226343"
ID0752,Rohit Bhatt,"106, Market Road, Electronic City, Bengaluru, Karnataka - 560013"
ID0753,Neha Hernandez,"185, Sunset Boulevard, Jayanagar, Jaipur, Rajasthan - 302024"
ID0754,Priya Bhatt,"The Apartments, Apartment 25, 14, Palm Avenue, Richmond Town, Ahmedabad, Gujarat - 380469"
ID0755,Zara Garcia,"Apartment 146, 153, Sunset Boulevard, Richmond Town, Chennai, Tamil Nadu - 600434"
ID0756,Neha Wright,"183, Sunset Boulevard, BTM Layout, Lucknow, Uttar Pradesh - 226986"
ID0757,Rohit Joshi,"139, Main Street, Basavanagudi, Ahmedabad, Gujarat - 380064"
ID0758,Ishaan Wright,"25, MG Road, Kalyan Nagar, Hyderabad, Telangana - 500446"
ID0759,Ilan Das,"155, Market Road, Jayanagar, Kolkata, West Bengal - 700330"
ID0760,Sai Rao,"50, 1st Cross, HSR Layout, Jaipur, Rajasthan - 302944"
ID0761,Ethan Brown,"77, Hilltop Road, Seshadripuram, Jaipur, Rajasthan - 302184"
ID0762,Isha King,"162, Hilltop Road, Seshadripuram, Jaipur, Rajasthan - 302650"
ID0763,Ethan Martinez,"217, Station Road, Richmond Town, Chennai, Tamil Nadu - 600932"
ID0764,Noah Martinez,"43, Hilltop Road, HSR Layout, Ahmedabad, Gujarat - 380031"
ID0765,Zara Walker,"219, Main Street, Basavanagudi, Bengaluru, Karnataka - 560807"
ID0766,Aditya King,"Apartment 88, 2, Brigade Road, HSR Layout, Bengaluru, Karnataka - 560053"
ID0767,Mason Shah,"199, Lakeview Drive, Rajajinagar, Ahmedabad, Gujarat - 380691"
ID0768,Evelyn Young,"191, Church Street, Rajajinagar, Ahmedabad, Gujarat - 380926"
ID0769,Emma Rao,"135, Maple Street, Frazer Town, Bengaluru, Karnataka - 560031"
ID0770,Maya Verma,"139, Palm Avenue, Electronic City, Mumbai, Maharashtra - 400101"
ID0771,Mason Hill,"229, Brigade Road, HSR Layout, Jaipur, Rajasthan - 302861"
ID0772,Rohit Lopez,"8, Lakeview Drive, BTM Layout, Jaipur, Rajasthan - 302569"
ID0773,Emma Rodriguez,"136, Oak Street, Electronic City, Mumbai, Maharashtra - 400893"
ID0774,Rohit Sharma,"105, Main Street, Richmond Town, Mumbai, Maharashtra - 400574"
ID0775,Liam Singh,"131, Lakeview Drive, Frazer Town, Kolkata, West Bengal - 700791"
ID0776,Liam Hall,"46, Cedar Lane, Whitefield, Ahmedabad, Gujarat - 380898"
ID0777,Dhruv Kumar,"226, Hilltop Road, Electronic City, Kolkata, West Bengal - 700979"
ID0778,Priya Young,"212, Lakeview Drive, Basavanagudi, Mumbai, Maharashtra - 400175"
ID0779,Isha Lopez,"28, Station Road, Richmond Town, Hyderabad, Telangana - 500888"
ID0780,Karan King,"192, MG Road, Richmond Town, Kolkata, West Bengal - 700890"
ID0781,Omar Hall,"208, Lakeview Drive, Jayanagar, Lucknow, Uttar Pradesh - 226273"
ID0782,Alexander Joshi,"25,  Park Street, Koramangala, Delhi, Delhi - 110184"
ID0783,Sai Nair,"28, Main Street, Kalyan Nagar, Mumbai, Maharashtra - 400990"
ID0784,Aditya Patel,"79, Oak Street, Koramangala, Lucknow, Uttar Pradesh - 226263"
ID0785,Vihaan Verma,"106, Market Road, Rajajinagar, Delhi, Delhi - 110738"
ID0786,Karan Lee,"52, Sunset Boulevard, BTM Layout, Ahmedabad, Gujarat - 380432"
ID0787,Alexander Williams,"14,  Park Street, Basavanagudi, Ahmedabad, Gujarat - 380489"
ID0788,Aarav Williams,"17, Hilltop Road, HSR Layout, Delhi, Delhi - 110286"
ID0789,Emma Rao,"Apartment 57, 67, Church Street, Koramangala, Lucknow, Uttar Pradesh - 226898"
ID0790,Isha Miller,"84, Oak Street, Kalyan Nagar, Chennai, Tamil Nadu - 600089"
ID0791,Vivaan Mehta,"75, 1st Cross, Malleshwaram, Hyderabad, Telangana - 500962"
ID0792,Ananya Kapoor,"Apartment 108, 85, Hilltop Road, HSR Layout, Mumbai, Maharashtra - 400774"
ID0793,Krishna Sharma,"90, Oak Street, Koramangala, Ahmedabad, Gujarat - 380525"
ID0794,Harper Scott,"179, MG Road, Jayanagar, Mumbai, Maharashtra - 400166"
ID0795,Vivaan Garcia,"Shree Heights, 172, Oak Street, Banashankari, Mumbai, Maharashtra - 400444"
ID0796,Aarav Hall,"141, Lakeview Drive, Frazer Town, Kolkata, West Bengal - 700612"
ID0797,Aarav Sharma,"88, MG Road, Banashankari, Hyderabad, Telangana - 500267"
ID0798,Maya Kumar,"156, Hilltop Road, Jayanagar, Jaipur, Rajasthan - 302192"
ID0799,Dhruv Thomas,"138,  Park Street, Seshadripuram, Kolkata, West Bengal - 700170"
ID0800,Aisha Nair,"88, Station Road, Kalyan Nagar, Delhi, Delhi - 110603"
ID0801,Rhea Garcia,"24, Church Street, Electronic City, Chennai, Tamil Nadu - 600293"
ID0802,Rhea Iyer,"81, Maple Street, Koramangala, Jaipur, Rajasthan - 302193"
ID0803,Emma Garcia,"Apartment 161, 92, Church Street, Whitefield, Bengaluru, Karnataka - 560949"
ID0804,Sophia Hill,"158, Lakeview Drive, Rajajinagar, Bengaluru, Karnataka - 560910"
ID0805,Mason Garcia,"3, Brigade Road, Seshadripuram, Delhi, Delhi - 110883"
ID0806,Noah Williams,"18, Lakeview Drive, HSR Layout, Lucknow, Uttar Pradesh - 226091"
ID0807,Omar Sharma,"155, Station Road, HSR Layout, Mumbai, Maharashtra - 400575"
ID0808,Amelia Sharma,"72,  Park Street, Basavanagudi, Delhi, Delhi - 110049"
ID0809,Arjun Shah,"Sai Residency, Apartment 1, 216, Main Street, Indiranagar, Hyderabad, Telangana - 500226"
ID0810,Emma Miller,"14, Oak Street, Basavanagudi, Ahmedabad, Gujarat - 380264"
ID0811,Mira Iyer,"Apartment 51, 102, Main Street, Basavanagudi, Jaipur, Rajasthan - 302936"
ID0812,Dhruv Hill,"The Heights, 39, Cedar Lane, Indiranagar, Bengaluru, Karnataka - 560489"
ID0813,Noah Hill,"Lotus Heights, 143, 1st Cross, Kalyan Nagar, Hyderabad, Telangana - 500153"
ID0814,Henry Iyer,"Shree Heights, Apartment 79, 2, 1st Cross, Kalyan Nagar, Pune, Maharashtra - 411723"
ID0815,Krishna Iyer,"Apartment 165, 148, Main Street, Rajajinagar, Pune, Maharashtra - 411298"
ID0816,Arjun Williams,"188, MG Road, Malleshwaram, Bengaluru, Karnataka - 560171"
ID0817,Kabir Green,"13,  Park Street, Richmond Town, Hyderabad, Telangana - 500083"
ID0818,Priya Rodriguez,"54, Station Road, Frazer Town, Delhi, Delhi - 110121"
ID0819,Henry Shah,"64, Cedar Lane, Seshadripuram, Jaipur, Rajasthan - 302751"
ID0820,Mira Das,"120, Maple Street, BTM Layout, Ahmedabad, Gujarat - 380325"
ID0821,Maya Shah,"68, Hilltop Road, Seshadripuram, Jaipur, Rajasthan - 302796"
ID0822,Maya Singh,"137, Maple Street, Malleshwaram, Lucknow, Uttar Pradesh - 226109"
ID0823,Amelia Allen,"141, Palm Avenue, Rajajinagar, Mumbai, Maharashtra - 400205"
ID0824,Isha Gupta,"144, Sunset Boulevard, Whitefield, Jaipur, Rajasthan - 302115"
ID0825,Mason Lopez,"221, Sunset Boulevard, Jayanagar, Jaipur, Rajasthan - 302826"
ID0826,Ananya Hernandez,"187, 1st Cross, Richmond Town, Delhi, Delhi - 110665"
ID0827,Isha Singh,"Apartment 72, 17, Brigade Road, Rajajinagar, Delhi, Delhi - 110857"
ID0828,Rohit Jones,"119, Cedar Lane, HSR Layout, Pune, Maharashtra - 411089"
ID0829,Evelyn Miller,"157, Sunset Boulevard, Electronic City, Delhi, Delhi - 110259"
ID0830,Rhea Wright,"Apartment 5, 29,  Park Street, Indiranagar, Kolkata, West Bengal - 700075"
ID0831,Omar Patel,"240, Station Road, Frazer Town, Delhi, Delhi - 110679"
ID0832,Arjun Hernandez,"187, Oak Street, Basavanagudi, Lucknow, Uttar Pradesh - 226910"
ID0833,Lucas Thomas,"155, Palm Avenue, Indiranagar, Chennai, Tamil Nadu - 600212"
ID0834,Krishna Rao,"174, Brigade Road, Malleshwaram, Chennai, Tamil Nadu - 600975"
ID0835,Lucas Bhatt,"214,  Park Street, Rajajinagar, Mumbai, Maharashtra - 400042"
ID0836,Sophia Gupta,"Shree Heights, 76, Hilltop Road, Rajajinagar, Jaipur, Rajasthan - 302805"
ID0837,Sai Hernandez,"197,  Park Street, Malleshwaram, Hyderabad, Telangana - 500045"
ID0838,Henry Thomas,"Apartment 138, 41, Palm Avenue, Jayanagar, Hyderabad, Telangana - 500199"
ID0839,Ishaan Gupta,"Apartment 107, 240, Church Street, Rajajinagar, Kolkata, West Bengal - 700556"
ID0840,Kabir Nair,"128, Brigade Road, Indiranagar, Delhi, Delhi - 110082"
ID0841,Aditya Hall,"246, Cedar Lane, Koramangala, Jaipur, Rajasthan - 302754"
ID0842,Emma Davis,"Sai Plaza, 123, Hilltop Road, Seshadripuram, Ahmedabad, Gujarat - 380030"
ID0843,Vihaan Hernandez,"19, Hilltop Road, Malleshwaram, Lucknow, Uttar Pradesh - 226808"
ID0844,Ethan Wright,"95, Sunset Boulevard, Kalyan Nagar, Chennai, Tamil Nadu - 600578"
ID0845,Mason Gupta,"62, Maple Street, Indiranagar, Jaipur, Rajasthan - 302681"
ID0846,Ananya Jones,"207, Hilltop Road, Malleshwaram, Ahmedabad, Gujarat - 380838"
ID0847,Kavya Rodriguez,"70, 1st Cross, Rajajinagar, Bengaluru, Karnataka - 560388"
ID0848,Krishna Bhardwaj,"Apartment 97, 21, Hilltop Road, Seshadripuram, Mumbai, Maharashtra - 400577"
ID0849,Noah Iyer,"99, Hilltop Road, Electronic City, Pune, Maharashtra - 411476"
ID0850,Alexander Green,"Lotus Plaza, Apartment 157, 65, Hilltop Road, Seshadripuram, Chennai, Tamil Nadu - 600583"
ID0851,Charlotte Miller,"217, Lakeview Drive, Electronic City, Bengaluru, Karnataka - 560334"
ID0852,Ilan Singh,"34, Maple Street, Indiranagar, Delhi, Delhi - 110486"
ID0853,Priya King,"The Apartments, 132,  Park Street, Banashankari, Jaipur, Rajasthan - 302680"
ID0854,Henry Allen,"166, Church Street, Rajajinagar, Delhi, Delhi - 110937"
ID0855,Ethan Allen,"105, Lakeview Drive, HSR Layout, Bengaluru, Karnataka - 560489"
ID0856,Ishaan Reddy,"77, 1st Cross, BTM Layout, Pune, Maharashtra - 411007"
ID0857,Kabir Reddy,"36,  Park Street, Richmond Town, Jaipur, Rajasthan - 302491"
ID0858,Henry Verma,"11, Maple Street, Rajajinagar, Jaipur, Rajasthan - 302902"
ID0859,Isha Joshi,"160, Palm Avenue, Kalyan Nagar, Pune, Maharashtra - 411315"
ID0860,Ethan Hill,"146, Main Street, Koramangala, Mumbai, Maharashtra - 400567"
ID0861,Henry Martinez,"Apartment 44, 53, Main Street, HSR Layout, Kolkata, West Bengal - 700307"
ID0862,Priya Gupta,"Apartment 135, 106, 2nd Cross, Koramangala, Ahmedabad, Gujarat - 380497"
ID0863,Isha Reddy,"220, Lakeview Drive, Frazer Town, Chennai, Tamil Nadu - 600601"
ID0864,Harper Kapoor,"232, Hilltop Road, Jayanagar, Mumbai, Maharashtra - 400731"
ID0865,Krishna Verma,"102, Cedar Lane, Richmond Town, Kolkata, West Bengal - 700243"
ID0866,Aarav Rodriguez,"11, Maple Street, Basavanagudi, Ahmedabad, Gujarat - 380822"
ID0867,Evelyn Kumar,"Apartment 85, 199, Palm Avenue, BTM Layout, Pune, Maharashtra - 411099"
ID0868,Amelia Patel,"208, Hilltop Road, Whitefield, Hyderabad, Telangana - 500341"
ID0869,Alexander Iyer,"139, Brigade Road, Banashankari, Lucknow, Uttar Pradesh - 226719"
ID0870,Henry Kumar,"173, Sunset Boulevard, HSR Layout, Chennai, Tamil Nadu - 600353"
ID0871,Mira Johnson,"29, Brigade Road, Jayanagar, Hyderabad, Telangana - 500908"
ID0872,Lucas Hall,"89,  Park Street, Kalyan Nagar, Delhi, Delhi - 110599"
ID0873,Krishna Allen,"70, Market Road, Koramangala, Lucknow, Uttar Pradesh - 226629"
ID0874,Rhea Bhardwaj,"107, 1st Cross, Malleshwaram, Pune, Maharashtra - 411273"
ID0875,Dhruv Rao,"Lotus Residency, 202, Hilltop Road, Indiranagar, Lucknow, Uttar Pradesh - 226227"
ID0876,Ethan Young,"220, Sunset Boulevard, Jayanagar, Chennai, Tamil Nadu - 600877"
ID0877,Zara Sharma,"Apartment 175, 116, Church Street, Seshadripuram, Pune, Maharashtra - 411262"
ID0878,Aarav Kapoor,"The Apartments, 246, Sunset Boulevard, BTM Layout, Bengaluru, Karnataka - 560534"
ID0879,Emma Garcia,"Shree Heights, Apartment 54, 146, Lakeview Drive, Basavanagudi, Jaipur, Rajasthan - 302493"
ID0880,Sai Johnson,"188, 2nd Cross, Seshadripuram, Lucknow, Uttar Pradesh - 226175"
ID0881,Olivia Rao,"98,  Park Street, Seshadripuram, Mumbai, Maharashtra - 400307"
ID0882,Amelia Sharma,"171, Cedar Lane, Banashankari, Pune, Maharashtra - 411755"
ID0883,Vihaan Williams,"57, Palm Avenue, Banashankari, Ahmedabad, Gujarat - 380212"
ID0884,Kavya Reddy,"Apartment 195, 199, Sunset Boulevard, HSR Layout, Hyderabad, Telangana - 500672"
ID0885,Neha Johnson,"21, Cedar Lane, Seshadripuram, Jaipur, Rajasthan - 302335"
ID0886,Ananya Brown,"223, Oak Street, Frazer Town, Hyderabad, Telangana - 500389"
ID0887,Ishaan Gupta,"217, Maple Street, Richmond Town, Pune, Maharashtra - 411607"
ID0888,Rhea Sharma,"166, Oak Street, Indiranagar, Chennai, Tamil Nadu - 600451"
ID0889,Henry Gupta,"Shree Heights, Apartment 186, 75, 2nd Cross, Kalyan Nagar, Bengaluru, Karnataka - 560294"
ID0890,Maya Verma,"189, Church Street, BTM Layout, Delhi, Delhi - 110426"
ID0891,Rohit Gupta,"152, Church Street, Electronic City, Lucknow, Uttar Pradesh - 226543"
ID0892,Vihaan Walker,"187, Station Road, HSR Layout, Pune, Maharashtra - 411099"
ID0893,Sneha Wright,"42, Palm Avenue, BTM Layout, Mumbai, Maharashtra - 400289"
ID0894,Vihaan Lopez,"Apartment 46, 229, Main Street, Whitefield, Delhi, Delhi - 110949"
ID0895,Sophia Verma,"Apartment 92, 197, Market Road, Richmond Town, Lucknow, Uttar Pradesh - 226242"
ID0896,Rhea Johnson,"14, Church Street, Seshadripuram, Bengaluru, Karnataka - 560515"
ID0897,Maya Singh,"94, MG Road, Basavanagudi, Delhi, Delhi - 110552"
ID0898,Evelyn Singh,"63, Brigade Road, Frazer Town, Lucknow, Uttar Pradesh - 226238"
ID0899,Henry Mehta,"2, Station Road, Rajajinagar, Kolkata, West Bengal - 700127"
ID0900,Sana Williams,"139, MG Road, Kalyan Nagar, Hyderabad, Telangana - 500858"
ID0901,Vivaan Mehta,"11, 2nd Cross, Rajajinagar, Mumbai, Maharashtra - 400605"
ID0902,Alexander Bhatt,"107, Cedar Lane, Frazer Town, Pune, Maharashtra - 411595"
ID0903,Ananya King,"Apartment 136, 196, Church Street, Jayanagar, Kolkata, West Bengal - 700230"
ID0904,Rohit Bhatt,"242, 1st Cross, Koramangala, Pune, Maharashtra - 411855"
ID0905,Henry Patel,"83, Sunset Boulevard, Malleshwaram, Lucknow, Uttar Pradesh - 226862"
ID0906,Sneha Hill,"60, Oak Street, Frazer Town, Delhi, Delhi - 110143"
ID0907,Sana Hill,"The Residency, Apartment 163, 208, Cedar Lane, Whitefield, Ahmedabad, Gujarat - 380844"
ID0908,Aditya Garcia,"71, Sunset Boulevard, Whitefield, Kolkata, West Bengal - 700631"
ID0909,Emma Rao,"7, 1st Cross, Koramangala, Pune, Maharashtra - 411413"
ID0910,Sai Johnson,"113, Palm Avenue, Koramangala, Pune, Maharashtra - 411047"
ID0911,Priya Reddy,"115, 2nd Cross, Kalyan Nagar, Pune, Maharashtra - 411719"
ID0912,Arjun Iyer,"132, Cedar Lane, Kalyan Nagar, Chennai, Tamil Nadu - 600347"
ID0913,Priya Jones,"18, Station Road, Rajajinagar, Ahmedabad, Gujarat - 380438"
ID0914,Evelyn Nair,"239, MG Road, Frazer Town, Mumbai, Maharashtra - 400535"
ID0915,Ananya Thomas,"53, Market Road, Electronic City, Chennai, Tamil Nadu - 600364"
ID0916,Sai Green,"Lotus Apartments, 50, MG Road, BTM Layout, Pune, Maharashtra - 411292"
ID0917,Arjun Miller,"216, Hilltop Road, Richmond Town, Delhi, Delhi - 110491"
ID0918,Kabir Green,"9, Maple Street, Kalyan Nagar, Jaipur, Rajasthan - 302246"
ID0919,Henry Garcia,"47, 2nd Cross, Koramangala, Jaipur, Rajasthan - 302925"
ID0920,Sana Miller,"48, Brigade Road, Whitefield, Kolkata, West Bengal - 700934"
ID0921,Isha Lopez,"76, Oak Street, Malleshwaram, Hyderabad, Telangana - 500448"
ID0922,Lucas Jones,"30, Main Street, Richmond Town, Pune, Maharashtra - 411231"
ID0923,Lucas Johnson,"Apartment 182, 180, Palm Avenue, Electronic City, Chennai, Tamil Nadu - 600839"
ID0924,Sana Mehta,"115, 2nd Cross, Rajajinagar, Jaipur, Rajasthan - 302897"
ID0925,Sneha Kapoor,"93, 1st Cross, Electronic City, Chennai, Tamil Nadu - 600183"
ID0926,Mira Davis,"Sai Residency, 157, Palm Avenue, Kalyan Nagar, Pune, Maharashtra - 411002"
ID0927,Mason Hernandez,"Apartment 3, 208, Church Street, Frazer Town, Kolkata, West Bengal - 700517"
ID0928,Krishna Khan,"1, Cedar Lane, Electronic City, Jaipur, Rajasthan - 302216"
ID0929,Ilan Bhatt,"5, Oak Street, Jayanagar, Ahmedabad, Gujarat - 380198"
ID0930,Isha Joshi,"Apartment 8, 162, Cedar Lane, Rajajinagar, Lucknow, Uttar Pradesh - 226767"
ID0931,Kavya Iyer,"173, Brigade Road, Electronic City, Jaipur, Rajasthan - 302413"
ID0932,Amelia Brown,"220, Sunset Boulevard, Indiranagar, Kolkata, West Bengal - 700830"
ID0933,Neha Garcia,"168, Brigade Road, BTM Layout, Ahmedabad, Gujarat - 380461"
ID0934,Sophia Bhatt,"Apartment 127, 230, 1st Cross, Frazer Town, Lucknow, Uttar Pradesh - 226074"
ID0935,Olivia Walker,"35, Church Street, Indiranagar, Jaipur, Rajasthan - 302512"
ID0936,Olivia Khan,"94,  Park Street, Banashankari, Chennai, Tamil Nadu - 600973"
ID0937,Olivia Bhardwaj,"92, 2nd Cross, Jayanagar, Lucknow, Uttar Pradesh - 226325"
ID0938,Harper Das,"82, Station Road, Seshadripuram, Pune, Maharashtra - 411677"
ID0939,Karan Kapoor,"Apartment 127, 37, Church Street, Whitefield, Lucknow, Uttar Pradesh - 226515"
ID0940,Priya Patel,"18, MG Road, Whitefield, Pune, Maharashtra - 411526"
ID0941,Krishna Joshi,"231,  Park Street, Jayanagar, Lucknow, Uttar Pradesh - 226531"
ID0942,Lucas Thomas,"244, MG Road, Rajajinagar, Delhi, Delhi - 110717"
ID0943,Harper Rodriguez,"Apartment 51, 81, MG Road, Seshadripuram, Chennai, Tamil Nadu - 600437"
ID0944,Lucas Brown,"225, Hilltop Road, Indiranagar, Hyderabad, Telangana - 500480"
ID0945,Zara Khan,"131, Market Road, Koramangala, Chennai, Tamil Nadu - 600585"
ID0946,Rohit Thomas,"Shree Apartments, 161, 2nd Cross, Seshadripuram, Hyderabad, Telangana - 500227"
ID0947,Sana Gupta,"185,  Park Street, Electronic City, Ahmedabad, Gujarat - 380053"
ID0948,Priya Bhatt,"197, Sunset Boulevard, Indiranagar, Ahmedabad, Gujarat - 380811"
ID0949,Sophia Scott,"Sai Heights, 130, Maple Street, Whitefield, Mumbai, Maharashtra - 400492"
ID0950,Karan Allen,"Shree Apartments, 75, Brigade Road, Rajajinagar, Delhi, Delhi - 110140"
ID0951,Mira Singh,"26, Church Street, BTM Layout, Ahmedabad, Gujarat - 380657"
ID0952,Liam Miller,"220, MG Road, Whitefield, Delhi, Delhi - 110985"
ID0953,Olivia Allen,"53, Palm Avenue, Indiranagar, Lucknow, Uttar Pradesh - 226163"
ID0954,Dhruv Khan,"56, Church Street, Whitefield, Mumbai, Maharashtra - 400202"
ID0955,Vihaan Bhardwaj,"206,  Park Street, Jayanagar, Jaipur, Rajasthan - 302074"
ID0956,Henry Lee,"43, Market Road, Kalyan Nagar, Lucknow, Uttar Pradesh - 226278"
ID0957,Noah Bhardwaj,"12, 1st Cross, Frazer Town, Hyderabad, Telangana - 500152"
ID0958,Maya Bhardwaj,"61, Station Road, Seshadripuram, Delhi, Delhi - 110393"
ID0959,Ilan Mehta,"98, 2nd Cross, Indiranagar, Pune, Maharashtra - 411770"
ID0960,Liam Hill,"Shree Heights, Apartment 41, 140, MG Road, BTM Layout, Jaipur, Rajasthan - 302107"
ID0961,Neha Rao,"220, 1st Cross, Electronic City, Kolkata, West Bengal - 700857"
ID0962,Ethan Rao,"151, 2nd Cross, Kalyan Nagar, Chennai, Tamil Nadu - 600569"
ID0963,Maya Kumar,"Apartment 84, 4, Maple Street, BTM Layout, Mumbai, Maharashtra - 400973"
ID0964,Aisha Kapoor,"5, Church Street, Basavanagudi, Jaipur, Rajasthan - 302887"
ID0965,Liam Martinez,"222, 2nd Cross, BTM Layout, Chennai, Tamil Nadu - 600496"
ID0966,Charlotte Hall,"31, Palm Avenue, HSR Layout, Mumbai, Maharashtra - 400875"
ID0967,Arjun Verma,"201, Oak Street, Seshadripuram, Pune, Maharashtra - 411520"
ID0968,Kavya Davis,"Apartment 27, 247, Main Street, Kalyan Nagar, Jaipur, Rajasthan - 302636"
ID0969,Ilan Allen,"220, Sunset Boulevard, Jayanagar, Ahmedabad, Gujarat - 380692"
ID0970,Sophia Thomas,"67, Palm Avenue, Koramangala, Chennai, Tamil Nadu - 600016"
ID0971,Sana Hill,"218, Oak Street, Koramangala, Hyderabad, Telangana - 500018"
ID0972,Rhea Jones,"92, Maple Street, Indiranagar, Mumbai, Maharashtra - 400640"
ID0973,Maya Brown,"14, 2nd Cross, Electronic City, Kolkata, West Bengal - 700314"
ID0974,Priya Brown,"89, 2nd Cross, Koramangala, Mumbai, Maharashtra - 400626"
ID0975,Amelia Johnson,"115, 1st Cross, Koramangala, Mumbai, Maharashtra - 400952"
ID0976,Mira Kumar,"Apartment 189, 97, Sunset Boulevard, BTM Layout, Chennai, Tamil Nadu - 600671"
ID0977,Maya Verma,"52, Brigade Road, Jayanagar, Ahmedabad, Gujarat - 380160"
ID0978,Isha Williams,"Shree Apartments, 118, Sunset Boulevard, Basavanagudi, Jaipur, Rajasthan - 302994"
ID0979,Sai Bhatt,"46, Church Street, Koramangala, Lucknow, Uttar Pradesh - 226628"
ID0980,Sana Patel,"214, 1st Cross, Kalyan Nagar, Ahmedabad, Gujarat - 380439"
ID0981,Kavya Hill,"Apartment 103, 183, Station Road, Seshadripuram, Hyderabad, Telangana - 500154"
ID0982,Arjun Walker,"148, Church Street, Malleshwaram, Jaipur, Rajasthan - 302619"
ID0983,Vihaan Gupta,"126, MG Road, Electronic City, Jaipur, Rajasthan - 302110"
ID0984,Alexander Green,"68, Main Street, Frazer Town, Ahmedabad, Gujarat - 380795"
ID0985,Aarav Young,"156, Brigade Road, Basavanagudi, Pune, Maharashtra - 411387"
ID0986,Ananya Brown,"76, Main Street, Electronic City, Kolkata, West Bengal - 700453"
ID0987,Emma Sharma,"60, Brigade Road, Frazer Town, Delhi, Delhi - 110040"
ID0988,Henry Kapoor,"162, Oak Street, Malleshwaram, Kolkata, West Bengal - 700168"
ID0989,Dhruv Davis,"14, 2nd Cross, Whitefield, Lucknow, Uttar Pradesh - 226924"
ID0990,Aarav Walker,"47, Sunset Boulevard, Electronic City, Mumbai, Maharashtra - 400864"
ID0991,Omar Mehta,"Apartment 192, 183, Lakeview Drive, Richmond Town, Hyderabad, Telangana - 500897"
ID0992,Neha Bhatt,"44, Market Road, Koramangala, Jaipur, Rajasthan - 302681"
ID0993,Ishaan Mehta,"217, Market Road, HSR Layout, Ahmedabad, Gujarat - 380859"
ID0994,Omar Das,"167, Palm Avenue, Whitefield, Kolkata, West Bengal - 700529"
ID0995,Sophia Lopez,"11,  Park Street, Frazer Town, Hyderabad, Telangana - 500993"
ID0996,Harper Williams,"111, Market Road, HSR Layout, Pune, Maharashtra - 411303"
ID0997,Maya Rao,"139, Station Road, Basavanagudi, Pune, Maharashtra - 411867"
ID0998,Priya Hernandez,"139, Cedar Lane, Kalyan Nagar, Mumbai, Maharashtra - 400999"
ID0999,Evelyn Reddy,"125, Hilltop Road, Banashankari, Mumbai, Maharashtra - 400479"
ID1000,Harper Hill,"143, 2nd Cross, Indiranagar, Pune, Maharashtra - 411916"
